tasklist_id,label,deskripsi,lokasi,detail_lokasi,lokasi_merged,teks_final
8237826,Non TBC,Paritan buntu,Mess Pama,Mess Guest House,"Mess Pama, Mess Guest House","[DESKRIPSI]: Paritan buntu [LOKASI]: Mess Pama, Mess Guest House"
8237130,Non TBC,Label fire alarm tidak ada,Towing Tug,TB KSA 104,"Towing Tug, TB KSA 104","[DESKRIPSI]: Label fire alarm tidak ada [LOKASI]: Towing Tug, TB KSA 104"
8239327,Non TBC,Tali seken towing,Barge,BG PST 315,"Barge, BG PST 315","[DESKRIPSI]: Tali seken towing [LOKASI]: Barge, BG PST 315"
8237769,Non TBC,Jln kosongan undulating,Pit PQRT,Front Loading,"Pit PQRT, Front Loading","[DESKRIPSI]: Jln kosongan undulating [LOKASI]: Pit PQRT, Front Loading"
8237452,Non TBC,Tempat sampa tidak ada label,Towing Tug,TB KSA 73,"Towing Tug, TB KSA 73","[DESKRIPSI]: Tempat sampa tidak ada label [LOKASI]: Towing Tug, TB KSA 73"
8235816,Non TBC,Jalan undulating,Coal Hauling Road,Jl. Barokah,"Coal Hauling Road, Jl. Barokah","[DESKRIPSI]: Jalan undulating [LOKASI]: Coal Hauling Road, Jl. Barokah"
8235410,Non TBC,Sampah penuh,Workshop,Workshop BAR,Workshop BAR,[DESKRIPSI]: Sampah penuh [LOKASI]: Workshop BAR
8240550,Non TBC,Tidak ada demarkasi,(B PMO) Project,Project Underpass BC PMO,"(B PMO) Project, Project Underpass BC PMO","[DESKRIPSI]: Tidak ada demarkasi [LOKASI]: (B PMO) Project, Project Underpass BC PMO"
8237883,Non TBC,Apar tdk pada tempatnya,Towing Tug,TB KSA 89,"Towing Tug, TB KSA 89","[DESKRIPSI]: Apar tdk pada tempatnya [LOKASI]: Towing Tug, TB KSA 89"
8237112,Non TBC,Debu tebal arah rom 24,(B8) ROM,ROM 24,"(B8) ROM, ROM 24","[DESKRIPSI]: Debu tebal arah rom 24 [LOKASI]: (B8) ROM, ROM 24"
8235077,Non TBC,Head down,Office MTL,Office CHCPP MTL,"Office MTL, Office CHCPP MTL","[DESKRIPSI]: Head down [LOKASI]: Office MTL, Office CHCPP MTL"
8234892,Non TBC,Jalan licin pasca hujan,Road Management,Jalan Fitrah,"Road Management, Jalan Fitrah","[DESKRIPSI]: Jalan licin pasca hujan [LOKASI]: Road Management, Jalan Fitrah"
8240607,Non TBC,Batu bara oversize,CPP Binungan,Crusher CPP Bin BC,"CPP Binungan, Crusher CPP Bin BC","[DESKRIPSI]: Batu bara oversize [LOKASI]: CPP Binungan, Crusher CPP Bin BC"
8240594,Non TBC,Jalan licin pasca hujan,Coal Hauling Road,Jl. Barokah,"Coal Hauling Road, Jl. Barokah","[DESKRIPSI]: Jalan licin pasca hujan [LOKASI]: Coal Hauling Road, Jl. Barokah"
8240565,Non TBC,Demarkasi cctv rusak,(B PMO) Project,Project Underpass BC PMO,"(B PMO) Project, Project Underpass BC PMO","[DESKRIPSI]: Demarkasi cctv rusak [LOKASI]: (B PMO) Project, Project Underpass BC PMO"
8240540,Non TBC,Demarkasi area rusak,(B PMO) Project,Project Underpass BC PMO,"(B PMO) Project, Project Underpass BC PMO","[DESKRIPSI]: Demarkasi area rusak [LOKASI]: (B PMO) Project, Project Underpass BC PMO"
8239525,Non TBC,Batu bara oversize,CPP Binungan,Crusher CPP Bin BC,"CPP Binungan, Crusher CPP Bin BC","[DESKRIPSI]: Batu bara oversize [LOKASI]: CPP Binungan, Crusher CPP Bin BC"
8237037,Non TBC,Cas hp lupa di cabut,Alur Sungai,Alur Sungai,Alur Sungai,[DESKRIPSI]: Cas hp lupa di cabut [LOKASI]: Alur Sungai
8236557,Non TBC,Pintu kamar mandi berkarat belum di cat,Towing Tug,TB KSA 97,"Towing Tug, TB KSA 97","[DESKRIPSI]: Pintu kamar mandi berkarat belum di cat [LOKASI]: Towing Tug, TB KSA 97"
8235982,Non TBC,Tdk ada tanda exit pada pintu,Towing Tug,TB KSA 102,"Towing Tug, TB KSA 102","[DESKRIPSI]: Tdk ada tanda exit pada pintu [LOKASI]: Towing Tug, TB KSA 102"
8235868,Non TBC,Jalan akses masuk undulating,(B8) Pit Z,Disposal,"(B8) Pit Z, Disposal","[DESKRIPSI]: Jalan akses masuk undulating [LOKASI]: (B8) Pit Z, Disposal"
8234899,Non TBC,Berdebu,CPP Binungan,Crusher CPP Bin BC,"CPP Binungan, Crusher CPP Bin BC","[DESKRIPSI]: Berdebu [LOKASI]: CPP Binungan, Crusher CPP Bin BC"
8234703,Non TBC,Batu bara oversize,CPP Binungan,Crusher CPP Bin BC,"CPP Binungan, Crusher CPP Bin BC","[DESKRIPSI]: Batu bara oversize [LOKASI]: CPP Binungan, Crusher CPP Bin BC"
8241492,Non TBC,Sampah penuh,(B7) Pit Stop C1 Extend,Pit Stop Loader,"(B7) Pit Stop C1 Extend, Pit Stop Loader","[DESKRIPSI]: Sampah penuh [LOKASI]: (B7) Pit Stop C1 Extend, Pit Stop Loader"
8240678,Non TBC,Kabel charger tidak di cabut,Towing Tug,TB KSA 89,"Towing Tug, TB KSA 89","[DESKRIPSI]: Kabel charger tidak di cabut [LOKASI]: Towing Tug, TB KSA 89"
8237767,Non TBC,Labelling fire alarm tidak ada,Towing Tug,TB KSA 104,"Towing Tug, TB KSA 104","[DESKRIPSI]: Labelling fire alarm tidak ada [LOKASI]: Towing Tug, TB KSA 104"
8237737,Non TBC,labelling fire alarm tidak ada,Towing Tug,TB KSA 104,"Towing Tug, TB KSA 104","[DESKRIPSI]: labelling fire alarm tidak ada [LOKASI]: Towing Tug, TB KSA 104"
8237397,Non TBC,Terdapat spoil di area akses,Area Revegetasi,Project Akatara,"Area Revegetasi, Project Akatara","[DESKRIPSI]: Terdapat spoil di area akses [LOKASI]: Area Revegetasi, Project Akatara"
8237121,Non TBC,Label smoke detector tidak ada,Towing Tug,TB KSA 104,"Towing Tug, TB KSA 104","[DESKRIPSI]: Label smoke detector tidak ada [LOKASI]: Towing Tug, TB KSA 104"
8236870,Non TBC,Lampu emergency tidak ada nama,Towing Tug,TB KSA 100,"Towing Tug, TB KSA 100","[DESKRIPSI]: Lampu emergency tidak ada nama [LOKASI]: Towing Tug, TB KSA 100"
8236627,Non TBC,Jalan berlubang,(B PMO) Pit Q1,Disposal OPD Q1 KDC,"(B PMO) Pit Q1, Disposal OPD Q1 KDC","[DESKRIPSI]: Jalan berlubang [LOKASI]: (B PMO) Pit Q1, Disposal OPD Q1 KDC"
8236423,Non TBC,Jalan masuk disposal undulating,Pit PQRT,Disposal,"Pit PQRT, Disposal","[DESKRIPSI]: Jalan masuk disposal undulating [LOKASI]: Pit PQRT, Disposal"
8235179,Non TBC,Berdebu tebal,Pit East 1,Akses Mine Road,"Pit East 1, Akses Mine Road","[DESKRIPSI]: Berdebu tebal [LOKASI]: Pit East 1, Akses Mine Road"
8200653,8. Deviasi Road Management,Posisi/penempatan pos pengawas terlalu dekat dengan area kerja loader/front loading dan parkiran sarana juga sudah masuk radius pergerakan loader dan hauler,Project LMO,[Non Aktif] Project Rehendling Soil OPP,"Project LMO, [Non Aktif] Project Rehendling Soil OPP","[DESKRIPSI]: Posisi/penempatan pos pengawas terlalu dekat dengan area kerja loader/front loading dan parkiran sarana juga sudah masuk radius pergerakan loader dan hauler [LOKASI]: Project LMO, [Non Aktif] Project Rehendling Soil OPP"
8237330,8. Deviasi Road Management,Jalan licin,Project Diversion Selatan PAMA,Akses Road Diversion,"Project Diversion Selatan PAMA, Akses Road Diversion","[DESKRIPSI]: Jalan licin [LOKASI]: Project Diversion Selatan PAMA, Akses Road Diversion"
7143261,2. Deviasi penggunaan APD,Pada saat bekerja pada ketinggian exkm21046 teknisi mengkaitkan layard pada titik yang tidak kuat/ dan hanya pada satu titik anchor yang sama,,,,[DESKRIPSI]: Pada saat bekerja pada ketinggian exkm21046 teknisi mengkaitkan layard pada titik yang tidak kuat/ dan hanya pada satu titik anchor yang sama
8239655,Non TBC,Patol retro rebah,(B PMO) Pit Q1,Mine Road Access KDC,"(B PMO) Pit Q1, Mine Road Access KDC","[DESKRIPSI]: Patol retro rebah [LOKASI]: (B PMO) Pit Q1, Mine Road Access KDC"
8238851,Non TBC,Operator yawning,(B8) Pit J,Front Loading OB,"(B8) Pit J, Front Loading OB","[DESKRIPSI]: Operator yawning [LOKASI]: (B8) Pit J, Front Loading OB"
8237547,Non TBC,Label APAR tidak terpasang,Towing Tug,TB KSA 35,"Towing Tug, TB KSA 35","[DESKRIPSI]: Label APAR tidak terpasang [LOKASI]: Towing Tug, TB KSA 35"
8236647,Non TBC,Lampu emergency tidak ada lebel sefty nya,Towing Tug,TB KSA 97,"Towing Tug, TB KSA 97","[DESKRIPSI]: Lampu emergency tidak ada lebel sefty nya [LOKASI]: Towing Tug, TB KSA 97"
8236100,Non TBC,Nasi sudah basi masak yang baru,Towing Tug,TB KSA 29,"Towing Tug, TB KSA 29","[DESKRIPSI]: Nasi sudah basi masak yang baru [LOKASI]: Towing Tug, TB KSA 29"
8240824,Non TBC,Rambu pondok pengawas rebah,Pit SE2,Front Loading,"Pit SE2, Front Loading","[DESKRIPSI]: Rambu pondok pengawas rebah [LOKASI]: Pit SE2, Front Loading"
8240578,Non TBC,Rambu rebah,(B PMO) Project,Project Underpass BC PMO,"(B PMO) Project, Project Underpass BC PMO","[DESKRIPSI]: Rambu rebah [LOKASI]: (B PMO) Project, Project Underpass BC PMO"
8240389,Non TBC,Ditemukan rambu rebah,(B PMO) Project,Project Underpass BC PMO,"(B PMO) Project, Project Underpass BC PMO","[DESKRIPSI]: Ditemukan rambu rebah [LOKASI]: (B PMO) Project, Project Underpass BC PMO"
8240003,Non TBC,Hate bukan pada tempatnya,Towing Tug,TB KSA 94,"Towing Tug, TB KSA 94","[DESKRIPSI]: Hate bukan pada tempatnya [LOKASI]: Towing Tug, TB KSA 94"
8239356,Non TBC,Tempat sampah penuh,Area DNX,Office DNX,"Area DNX, Office DNX","[DESKRIPSI]: Tempat sampah penuh [LOKASI]: Area DNX, Office DNX"
8239264,Non TBC,Rambu Rebah,(B PMO) Project,Project Underpass BC PMO,"(B PMO) Project, Project Underpass BC PMO","[DESKRIPSI]: Rambu Rebah [LOKASI]: (B PMO) Project, Project Underpass BC PMO"
8236874,Non TBC,Tidak ada penandaan pada apar,Towing Tug,TB KSA 160,"Towing Tug, TB KSA 160","[DESKRIPSI]: Tidak ada penandaan pada apar [LOKASI]: Towing Tug, TB KSA 160"
8236782,Non TBC,Colokan listrik berserakan,Towing Tug,TB KSA 36,"Towing Tug, TB KSA 36","[DESKRIPSI]: Colokan listrik berserakan [LOKASI]: Towing Tug, TB KSA 36"
8236693,Non TBC,Bola lampu di ruang SGI mati,(BC) Area Office,Kantor BC,"(BC) Area Office, Kantor BC","[DESKRIPSI]: Bola lampu di ruang SGI mati [LOKASI]: (BC) Area Office, Kantor BC"
8235700,Non TBC,Opt c7160 fatique,Pit PQRT,Parking Area/ HSSC,"Pit PQRT, Parking Area/ HSSC","[DESKRIPSI]: Opt c7160 fatique [LOKASI]: Pit PQRT, Parking Area/ HSSC"
8235624,Non TBC,Rambu penunjuk arah rebah,(B PMO) Project,Disposal IPD K12 KDC,"(B PMO) Project, Disposal IPD K12 KDC","[DESKRIPSI]: Rambu penunjuk arah rebah [LOKASI]: (B PMO) Project, Disposal IPD K12 KDC"
8235487,Non TBC,AC Kurang Dingin,(B8) Container big Digger,Office,"(B8) Container big Digger, Office","[DESKRIPSI]: AC Kurang Dingin [LOKASI]: (B8) Container big Digger, Office"
8234911,Non TBC,Spoil menyebabkan penyempitan jalan,Pit East 1,Akses Mine Road,"Pit East 1, Akses Mine Road","[DESKRIPSI]: Spoil menyebabkan penyempitan jalan [LOKASI]: Pit East 1, Akses Mine Road"
7316569,Non TBC,Tidak ada barikade unit loadpro 1108 BD di pit stop,,,,[DESKRIPSI]: Tidak ada barikade unit loadpro 1108 BD di pit stop
8241015,Non TBC,Akses jalan undulating,(B8) Pit J,Front Loading Coal,"(B8) Pit J, Front Loading Coal","[DESKRIPSI]: Akses jalan undulating [LOKASI]: (B8) Pit J, Front Loading Coal"
8240353,Non TBC,Belum ada rambu,Aktivitas Area High Risk,Crossing Pit West PAMA,"Aktivitas Area High Risk, Crossing Pit West PAMA","[DESKRIPSI]: Belum ada rambu [LOKASI]: Aktivitas Area High Risk, Crossing Pit West PAMA"
8239946,Non TBC,Jalan Ubud Undulating,(B8) Road Management,Jln. Ubud,"(B8) Road Management, Jln. Ubud","[DESKRIPSI]: Jalan Ubud Undulating [LOKASI]: (B8) Road Management, Jln. Ubud"
8239262,Non TBC,Rambu Miring,(B PMO) Project,Project Underpass BC PMO,"(B PMO) Project, Project Underpass BC PMO","[DESKRIPSI]: Rambu Miring [LOKASI]: (B PMO) Project, Project Underpass BC PMO"
8238935,Non TBC,Jalan undulating,(B8) Road Management,Jln. Panarukan,"(B8) Road Management, Jln. Panarukan","[DESKRIPSI]: Jalan undulating [LOKASI]: (B8) Road Management, Jln. Panarukan"
8238910,Non TBC,Rambu rebah,(B PMO) Hauling Road,Simpang Sulawesi KDC,"(B PMO) Hauling Road, Simpang Sulawesi KDC","[DESKRIPSI]: Rambu rebah [LOKASI]: (B PMO) Hauling Road, Simpang Sulawesi KDC"
8238385,Non TBC,panel terbuka,Assist Tug Sungai,TB DL 09,"Assist Tug Sungai, TB DL 09","[DESKRIPSI]: panel terbuka [LOKASI]: Assist Tug Sungai, TB DL 09"
8236664,Non TBC,Rambu parkir sd terlilit dgn rumput,WMP 17 LT,Infrastruktur WMP,"WMP 17 LT, Infrastruktur WMP","[DESKRIPSI]: Rambu parkir sd terlilit dgn rumput [LOKASI]: WMP 17 LT, Infrastruktur WMP"
8236000,Non TBC,Safety line putus,Pit PQRT,[Area Kritis] Drill & Blast,"Pit PQRT, [Area Kritis] Drill & Blast","[DESKRIPSI]: Safety line putus [LOKASI]: Pit PQRT, [Area Kritis] Drill & Blast"
8235457,Non TBC,Rambu arah Disposal belum terpasang,(B8) Pit J,Disposal,"(B8) Pit J, Disposal","[DESKRIPSI]: Rambu arah Disposal belum terpasang [LOKASI]: (B8) Pit J, Disposal"
8241313,Non TBC,Bolham lampu engine room putus,Towing Tug,TB PANCARAN 613,"Towing Tug, TB PANCARAN 613","[DESKRIPSI]: Bolham lampu engine room putus [LOKASI]: Towing Tug, TB PANCARAN 613"
8237742,Non TBC,Penyempitan jln,Unit Transportasi Massal,Unit Transportasi Darat,"Unit Transportasi Massal, Unit Transportasi Darat","[DESKRIPSI]: Penyempitan jln [LOKASI]: Unit Transportasi Massal, Unit Transportasi Darat"
8237449,Non TBC,komunikasi crowded,(B8) Pit CD,Disposal,"(B8) Pit CD, Disposal","[DESKRIPSI]: komunikasi crowded [LOKASI]: (B8) Pit CD, Disposal"
8201405,10. Tools Tidak Standard / Penggunaan Tools Tidak Tepat,TBC-Tidak terdapat safety latch pada chainblock,Pit SE2,Area DM Wheel,"Pit SE2, Area DM Wheel","[DESKRIPSI]: TBC-Tidak terdapat safety latch pada chainblock [LOKASI]: Pit SE2, Area DM Wheel"
8235002,Non TBC,jalan cekung atau berlubang,Pit East 1,Akses Mine Road,"Pit East 1, Akses Mine Road","[DESKRIPSI]: jalan cekung atau berlubang [LOKASI]: Pit East 1, Akses Mine Road"
8238560,3. Geotech & Hydrology,terdapat windrow yang tertutup lumpur sehingga saat ujan air tidak bisa mengalir ke drainase dan menjadikan genangan,(B PMO) Pit Q1,Drainage Tambang KDC,"(B PMO) Pit Q1, Drainage Tambang KDC","[DESKRIPSI]: terdapat windrow yang tertutup lumpur sehingga saat ujan air tidak bisa mengalir ke drainase dan menjadikan genangan [LOKASI]: (B PMO) Pit Q1, Drainage Tambang KDC"
8239663,Non TBC,Jalan inderapura segmen 2 undulating,Pit PQRT,Disposal,"Pit PQRT, Disposal","[DESKRIPSI]: Jalan inderapura segmen 2 undulating [LOKASI]: Pit PQRT, Disposal"
8239338,14. Technology,"CCTV 010, unit diparkiran tanpa demarkasi",Pit SE2,Parkir Area/ HSSC,"Pit SE2, Parkir Area/ HSSC","[DESKRIPSI]: CCTV 010, unit diparkiran tanpa demarkasi [LOKASI]: Pit SE2, Parkir Area/ HSSC"
8238176,Non TBC,Monitor cctv belum menyala,Towing Tug,TB PANCARAN 215,"Towing Tug, TB PANCARAN 215","[DESKRIPSI]: Monitor cctv belum menyala [LOKASI]: Towing Tug, TB PANCARAN 215"
8237563,Non TBC,Disposal opw extend,Disposal OPDW Extend,Akses Area Front Dumping,"Disposal OPDW Extend, Akses Area Front Dumping","[DESKRIPSI]: Disposal opw extend [LOKASI]: Disposal OPDW Extend, Akses Area Front Dumping"
8237562,Non TBC,Cas hp lupa dicabut,Towing Tug,TB KSA 103,"Towing Tug, TB KSA 103","[DESKRIPSI]: Cas hp lupa dicabut [LOKASI]: Towing Tug, TB KSA 103"
8237552,Non TBC,Cas ht lupa dicabut,Towing Tug,TB KSA 103,"Towing Tug, TB KSA 103","[DESKRIPSI]: Cas ht lupa dicabut [LOKASI]: Towing Tug, TB KSA 103"
8235626,Non TBC,Rantai dafra kapal belom di mani,Towing Tug,TB PANCARAN 315,"Towing Tug, TB PANCARAN 315","[DESKRIPSI]: Rantai dafra kapal belom di mani [LOKASI]: Towing Tug, TB PANCARAN 315"
8232427,10. Tools Tidak Standard / Penggunaan Tools Tidak Tepat,#TBC sackle alat angkat sudah tidak standard,(B8) Workshop Champoin,Bays Champions,"(B8) Workshop Champoin, Bays Champions","[DESKRIPSI]: #TBC sackle alat angkat sudah tidak standard [LOKASI]: (B8) Workshop Champoin, Bays Champions"
8238662,Non TBC,Lampu dalam belum di nyalakan,Towing Tug,TB KSA 105,"Towing Tug, TB KSA 105","[DESKRIPSI]: Lampu dalam belum di nyalakan [LOKASI]: Towing Tug, TB KSA 105"
7316818,3. Geotech & Hydrology,terdapat kantungan air pada area disposal ipd sidewall selatan yang tidak lancar mengalir ke void qsv 1,,,,[DESKRIPSI]: terdapat kantungan air pada area disposal ipd sidewall selatan yang tidak lancar mengalir ke void qsv 1
8237012,Non TBC,Jalan disposal bergelombang,Pit East 1,Front loading OB,"Pit East 1, Front loading OB","[DESKRIPSI]: Jalan disposal bergelombang [LOKASI]: Pit East 1, Front loading OB"
8236218,Non TBC,"Lampu anjungan mati,tidak ada",Towing Tug,TB KSA 104,"Towing Tug, TB KSA 104","[DESKRIPSI]: Lampu anjungan mati,tidak ada [LOKASI]: Towing Tug, TB KSA 104"
8236020,Non TBC,Belum terdapat cheklist di APAR,Towing Tug,TB KSA 87,"Towing Tug, TB KSA 87","[DESKRIPSI]: Belum terdapat cheklist di APAR [LOKASI]: Towing Tug, TB KSA 87"
8235976,Non TBC,Apar tidak ada ceklis inspeksi,Towing Tug,TB KSA 104,"Towing Tug, TB KSA 104","[DESKRIPSI]: Apar tidak ada ceklis inspeksi [LOKASI]: Towing Tug, TB KSA 104"
8235731,Non TBC,Checklist apar tidak terpasang,Towing Tug,TB KSA 100,"Towing Tug, TB KSA 100","[DESKRIPSI]: Checklist apar tidak terpasang [LOKASI]: Towing Tug, TB KSA 100"
7015293,5. Deviasi Loading/Dumping,Terdapat Free dump pada area EFG Timur dekat waterfill,,,,[DESKRIPSI]: Terdapat Free dump pada area EFG Timur dekat waterfill
8240390,Non TBC,Jalan berdebu area front CD,(B8) Pit CD,Front Loading OB,"(B8) Pit CD, Front Loading OB","[DESKRIPSI]: Jalan berdebu area front CD [LOKASI]: (B8) Pit CD, Front Loading OB"
8239380,Non TBC,Tali tambat kapal berantakan,Towing Tug,TB PANCARAN 311,"Towing Tug, TB PANCARAN 311","[DESKRIPSI]: Tali tambat kapal berantakan [LOKASI]: Towing Tug, TB PANCARAN 311"
8238793,Non TBC,Life Jacket tidak pada tempatnya,Assist Tug Sungai,INTAN MEGAH 06,"Assist Tug Sungai, INTAN MEGAH 06","[DESKRIPSI]: Life Jacket tidak pada tempatnya [LOKASI]: Assist Tug Sungai, INTAN MEGAH 06"
8238008,Non TBC,Bohlam lampu sudah mati,Towing Tug,TB KSA 78,"Towing Tug, TB KSA 78","[DESKRIPSI]: Bohlam lampu sudah mati [LOKASI]: Towing Tug, TB KSA 78"
8235994,Non TBC,Cctv mati,Coal Crushing Plant (CPP),Jetty / Dermaga Barging,"Coal Crushing Plant (CPP), Jetty / Dermaga Barging","[DESKRIPSI]: Cctv mati [LOKASI]: Coal Crushing Plant (CPP), Jetty / Dermaga Barging"
8235142,Non TBC,Abnormal aktivitas,Office MTL,Office CHCPP MTL,"Office MTL, Office CHCPP MTL","[DESKRIPSI]: Abnormal aktivitas [LOKASI]: Office MTL, Office CHCPP MTL"
8235020,Non TBC,Rambu rebah,(B PMO) Hauling Road,Jalan Hauling Agatis KDC,"(B PMO) Hauling Road, Jalan Hauling Agatis KDC","[DESKRIPSI]: Rambu rebah [LOKASI]: (B PMO) Hauling Road, Jalan Hauling Agatis KDC"
8234829,Non TBC,Jalan lombok undulating,(B8) Road Management,Jln. Lombok,"(B8) Road Management, Jln. Lombok","[DESKRIPSI]: Jalan lombok undulating [LOKASI]: (B8) Road Management, Jln. Lombok"
8240097,Non TBC,safety line tidak diamankan,(B PMO) Project,Project Underpass BC PMO,"(B PMO) Project, Project Underpass BC PMO","[DESKRIPSI]: safety line tidak diamankan [LOKASI]: (B PMO) Project, Project Underpass BC PMO"
8238354,Non TBC,Closed eye,Hauling Road,Jalan Hauling Eboni MTL,"Hauling Road, Jalan Hauling Eboni MTL","[DESKRIPSI]: Closed eye [LOKASI]: Hauling Road, Jalan Hauling Eboni MTL"
8238971,3. Geotech & Hydrology,Belum terdapat acuan crest berpotensi pekerjaan tidak sesuai design,Pit EFG,Front Loading PAMA,"Pit EFG, Front Loading PAMA","[DESKRIPSI]: Belum terdapat acuan crest berpotensi pekerjaan tidak sesuai design [LOKASI]: Pit EFG, Front Loading PAMA"
8236459,Non TBC,Driver menguap lv 003,Coal Hauling Road,Jl. Barokah,"Coal Hauling Road, Jl. Barokah","[DESKRIPSI]: Driver menguap lv 003 [LOKASI]: Coal Hauling Road, Jl. Barokah"
8232832,10. Tools Tidak Standard / Penggunaan Tools Tidak Tepat,Eyeball belum dilakukan pengecekan pada bulan berjalan sehingga tidak bisa dipastikan keamanannya saat untuk melakukan pengangkatan,(B8) Container big Digger,Office,"(B8) Container big Digger, Office","[DESKRIPSI]: Eyeball belum dilakukan pengecekan pada bulan berjalan sehingga tidak bisa dipastikan keamanannya saat untuk melakukan pengangkatan [LOKASI]: (B8) Container big Digger, Office"
8240748,Non TBC,Penyempitan jalan,Pit West,Front Loading,"Pit West, Front Loading","[DESKRIPSI]: Penyempitan jalan [LOKASI]: Pit West, Front Loading"
8239397,Non TBC,Jalan berdebu,(B8) Road Management,Jln. Kaniungan,"(B8) Road Management, Jln. Kaniungan","[DESKRIPSI]: Jalan berdebu [LOKASI]: (B8) Road Management, Jln. Kaniungan"
8239206,Non TBC,Tumpukan batubara diarea bolder,Barge,BG PST 613,"Barge, BG PST 613","[DESKRIPSI]: Tumpukan batubara diarea bolder [LOKASI]: Barge, BG PST 613"
8241546,Non TBC,bendera sudah robek,Towing Tug,TB KSA 72,"Towing Tug, TB KSA 72","[DESKRIPSI]: bendera sudah robek [LOKASI]: Towing Tug, TB KSA 72"
8241097,Non TBC,Lampu di ruang ABK mati di ganti yang baru,Towing Tug,TB KSA 29,"Towing Tug, TB KSA 29","[DESKRIPSI]: Lampu di ruang ABK mati di ganti yang baru [LOKASI]: Towing Tug, TB KSA 29"
8239650,Non TBC,Posisi rambu 20 tidak sesuai (miring),(B PMO) Pit Q1,Simpang Batam KDC,"(B PMO) Pit Q1, Simpang Batam KDC","[DESKRIPSI]: Posisi rambu 20 tidak sesuai (miring) [LOKASI]: (B PMO) Pit Q1, Simpang Batam KDC"
8238544,Non TBC,Jalan berdebu perlu penyiraman,(B8) Pit J,Disposal,"(B8) Pit J, Disposal","[DESKRIPSI]: Jalan berdebu perlu penyiraman [LOKASI]: (B8) Pit J, Disposal"
8238257,Non TBC,Draf primsol tongkang pudar,Barge,BG PST 213,"Barge, BG PST 213","[DESKRIPSI]: Draf primsol tongkang pudar [LOKASI]: Barge, BG PST 213"
8237098,Non TBC,Genangan di jalur muatan front 1711,(B8) Pit J,Front Loading OB,"(B8) Pit J, Front Loading OB","[DESKRIPSI]: Genangan di jalur muatan front 1711 [LOKASI]: (B8) Pit J, Front Loading OB"
8236866,Non TBC,lampu dalam anjungan mati,Towing Tug,TB DSL 07,"Towing Tug, TB DSL 07","[DESKRIPSI]: lampu dalam anjungan mati [LOKASI]: Towing Tug, TB DSL 07"
8236747,Non TBC,TBC : tidak pakai sarung tangan,Fuel Station BC LMO,Fuel Station 2,"Fuel Station BC LMO, Fuel Station 2","[DESKRIPSI]: TBC : tidak pakai sarung tangan [LOKASI]: Fuel Station BC LMO, Fuel Station 2"
8240601,Non TBC,Kondisi jalan berdebu,Coal Hauling Road,Jl. Barokah,"Coal Hauling Road, Jl. Barokah","[DESKRIPSI]: Kondisi jalan berdebu [LOKASI]: Coal Hauling Road, Jl. Barokah"
8239808,Non TBC,Jalan berlubang,Workshop BMC,Akses Infrastruktur workshop BMC,Akses Infrastruktur workshop BMC,[DESKRIPSI]: Jalan berlubang [LOKASI]: Akses Infrastruktur workshop BMC
8238966,Non TBC,Sarung tangan sudah tidak layak,(B8) Mess - Kantin,Mess PAMA,"(B8) Mess - Kantin, Mess PAMA","[DESKRIPSI]: Sarung tangan sudah tidak layak [LOKASI]: (B8) Mess - Kantin, Mess PAMA"
8238114,Non TBC,Belum terpasang penamaan lampu emergency,Towing Tug,TB BERAU 22,"Towing Tug, TB BERAU 22","[DESKRIPSI]: Belum terpasang penamaan lampu emergency [LOKASI]: Towing Tug, TB BERAU 22"
8236344,Non TBC,panel lampu terdapat sampah,Towing Tug,TB KSA 72,"Towing Tug, TB KSA 72","[DESKRIPSI]: panel lampu terdapat sampah [LOKASI]: Towing Tug, TB KSA 72"
8236212,Non TBC,Belum p5m,(B8) Pit C2,Disposal,"(B8) Pit C2, Disposal","[DESKRIPSI]: Belum p5m [LOKASI]: (B8) Pit C2, Disposal"
8236182,Non TBC,Genangan air di akses jalan washing,Stockpile CPP,Washing Pad 01,"Stockpile CPP, Washing Pad 01","[DESKRIPSI]: Genangan air di akses jalan washing [LOKASI]: Stockpile CPP, Washing Pad 01"
8234833,Non TBC,Jalan menuju front loading undulating,Pit PQRT,Front Loading,"Pit PQRT, Front Loading","[DESKRIPSI]: Jalan menuju front loading undulating [LOKASI]: Pit PQRT, Front Loading"
8239148,Non TBC,Pintu tools box terbuka,Towing Tug,TB KSA 125,"Towing Tug, TB KSA 125","[DESKRIPSI]: Pintu tools box terbuka [LOKASI]: Towing Tug, TB KSA 125"
8238555,Non TBC,jalan berdebu,(B PMO) Pit K1,Mine Road Access K1 KDC,"(B PMO) Pit K1, Mine Road Access K1 KDC","[DESKRIPSI]: jalan berdebu [LOKASI]: (B PMO) Pit K1, Mine Road Access K1 KDC"
8237532,Non TBC,Lampu Office Mati total,Warehouse,Warehouse KM 30 BC,Warehouse KM 30 BC,[DESKRIPSI]: Lampu Office Mati total [LOKASI]: Warehouse KM 30 BC
8237273,Non TBC,Wilnat tidak lengkap,Office MTL,Office Cokelat,"Office MTL, Office Cokelat","[DESKRIPSI]: Wilnat tidak lengkap [LOKASI]: Office MTL, Office Cokelat"
8236974,Non TBC,Jalan malioboro berdebu,(B8) Pit CD,Front Loading OB,"(B8) Pit CD, Front Loading OB","[DESKRIPSI]: Jalan malioboro berdebu [LOKASI]: (B8) Pit CD, Front Loading OB"
8236021,Non TBC,Safety line belum dipasang,Pit PQRT,[Area Kritis] Drill & Blast,"Pit PQRT, [Area Kritis] Drill & Blast","[DESKRIPSI]: Safety line belum dipasang [LOKASI]: Pit PQRT, [Area Kritis] Drill & Blast"
8235178,Non TBC,Median tidak dipasang,Pit East 2,Front loading OB,"Pit East 2, Front loading OB","[DESKRIPSI]: Median tidak dipasang [LOKASI]: Pit East 2, Front loading OB"
8235025,Non TBC,DEBU AREA L EAST,Disposal IPD L,Front Dumping Kering,"Disposal IPD L, Front Dumping Kering","[DESKRIPSI]: DEBU AREA L EAST [LOKASI]: Disposal IPD L, Front Dumping Kering"
7227274,4. Posisi Pekerja pada Area Tidak aman/Tidak Sesuai Prosedur,Barikade ditanggul sisi timur lokasi area pengeboran belum terpasang pada saat proses pengeboran telah berlangsung,,,,[DESKRIPSI]: Barikade ditanggul sisi timur lokasi area pengeboran belum terpasang pada saat proses pengeboran telah berlangsung
7295591,5. Deviasi Loading/Dumping,limiter blum di update,,,,[DESKRIPSI]: limiter blum di update
8239812,Non TBC,Jalan undulating,Workshop BMC,Akses Infrastruktur workshop BMC,Akses Infrastruktur workshop BMC,[DESKRIPSI]: Jalan undulating [LOKASI]: Akses Infrastruktur workshop BMC
8239582,Non TBC,Banyak spoil jalan semakin sempit,(B8) Road Management,Jln. Labuan Cermin,"(B8) Road Management, Jln. Labuan Cermin","[DESKRIPSI]: Banyak spoil jalan semakin sempit [LOKASI]: (B8) Road Management, Jln. Labuan Cermin"
8238217,Non TBC,Penutup aki tidak terpasang,Towing Tug,TB KSA 101,"Towing Tug, TB KSA 101","[DESKRIPSI]: Penutup aki tidak terpasang [LOKASI]: Towing Tug, TB KSA 101"
8237604,Non TBC,Jalan tidak rapi,Project Rehandling Soil OPP,Jalan,"Project Rehandling Soil OPP, Jalan","[DESKRIPSI]: Jalan tidak rapi [LOKASI]: Project Rehandling Soil OPP, Jalan"
8237531,Non TBC,Lampu mati,Floating Crane,Heavy Equipment,"Floating Crane, Heavy Equipment","[DESKRIPSI]: Lampu mati [LOKASI]: Floating Crane, Heavy Equipment"
8237408,Non TBC,radio crowded,(B8) Pit CH,Disposal Kering IPD CH,"(B8) Pit CH, Disposal Kering IPD CH","[DESKRIPSI]: radio crowded [LOKASI]: (B8) Pit CH, Disposal Kering IPD CH"
8237123,Non TBC,DT 838 terindikasi Yawning,Coal Hauling Road,Jl. Barokah,"Coal Hauling Road, Jl. Barokah","[DESKRIPSI]: DT 838 terindikasi Yawning [LOKASI]: Coal Hauling Road, Jl. Barokah"
8237118,Non TBC,Lampu kerja mati,Floating Crane,Heavy Equipment,"Floating Crane, Heavy Equipment","[DESKRIPSI]: Lampu kerja mati [LOKASI]: Floating Crane, Heavy Equipment"
8236717,Non TBC,Hydrant tidak tertutup,Towing Tug,TB KSA 97,"Towing Tug, TB KSA 97","[DESKRIPSI]: Hydrant tidak tertutup [LOKASI]: Towing Tug, TB KSA 97"
8236262,Non TBC,Lampu pos belum mati,Area Security & External,Pos KM 1 MTL,"Area Security & External, Pos KM 1 MTL","[DESKRIPSI]: Lampu pos belum mati [LOKASI]: Area Security & External, Pos KM 1 MTL"
8235212,Non TBC,Berdebu dan berasap,CPP Binungan,Stockpile CPP Bin BC,"CPP Binungan, Stockpile CPP Bin BC","[DESKRIPSI]: Berdebu dan berasap [LOKASI]: CPP Binungan, Stockpile CPP Bin BC"
8235161,Non TBC,Undulating akses road,Project Diversion Selatan BAR,Akses Road,"Project Diversion Selatan BAR, Akses Road","[DESKRIPSI]: Undulating akses road [LOKASI]: Project Diversion Selatan BAR, Akses Road"
7092883,5. Deviasi Loading/Dumping,Tinggi Bundwall tidak standard,,,,[DESKRIPSI]: Tinggi Bundwall tidak standard
8239699,Non TBC,cover lampu rusak,Floating Crane,CTS Bulk Sumatera,"Floating Crane, CTS Bulk Sumatera","[DESKRIPSI]: cover lampu rusak [LOKASI]: Floating Crane, CTS Bulk Sumatera"
8239040,Non TBC,Apron welder tidak layak,Workshop Fabrikasi Pama,Bays Fabrikasi,"Workshop Fabrikasi Pama, Bays Fabrikasi","[DESKRIPSI]: Apron welder tidak layak [LOKASI]: Workshop Fabrikasi Pama, Bays Fabrikasi"
8237215,Non TBC,Sampah berserakan,(B PMO) Project,Project Underpass BC PMO,"(B PMO) Project, Project Underpass BC PMO","[DESKRIPSI]: Sampah berserakan [LOKASI]: (B PMO) Project, Project Underpass BC PMO"
8236790,Non TBC,Gelas sembarang tempat,Towing Tug,TB KSA 100,"Towing Tug, TB KSA 100","[DESKRIPSI]: Gelas sembarang tempat [LOKASI]: Towing Tug, TB KSA 100"
8236667,Non TBC,Terdapat tumpukan sampah belum di buang,(BC) Area Office,Kantor BC,"(BC) Area Office, Kantor BC","[DESKRIPSI]: Terdapat tumpukan sampah belum di buang [LOKASI]: (BC) Area Office, Kantor BC"
8236028,Non TBC,Lampu belum mati,Coal Crushing Plant (CPP),Jetty / Dermaga Barging,"Coal Crushing Plant (CPP), Jetty / Dermaga Barging","[DESKRIPSI]: Lampu belum mati [LOKASI]: Coal Crushing Plant (CPP), Jetty / Dermaga Barging"
8234760,Non TBC,Apar belum di inspeksi,Main Workshop Pama,Bays 1 (Wheel),"Main Workshop Pama, Bays 1 (Wheel)","[DESKRIPSI]: Apar belum di inspeksi [LOKASI]: Main Workshop Pama, Bays 1 (Wheel)"
8240658,Non TBC,tumpahan oli di crane 1,Floating Crane,CTS Bulk Derawan,"Floating Crane, CTS Bulk Derawan","[DESKRIPSI]: tumpahan oli di crane 1 [LOKASI]: Floating Crane, CTS Bulk Derawan"
8240152,Non TBC,Acces masuk front undulating,(B PMO) Pit Q1,Loading Point Q1 KDC,"(B PMO) Pit Q1, Loading Point Q1 KDC","[DESKRIPSI]: Acces masuk front undulating [LOKASI]: (B PMO) Pit Q1, Loading Point Q1 KDC"
8240068,Non TBC,rambu larangan merokok sudah pudar,(B PMO) Project,Project Underpass BC PMO,"(B PMO) Project, Project Underpass BC PMO","[DESKRIPSI]: rambu larangan merokok sudah pudar [LOKASI]: (B PMO) Project, Project Underpass BC PMO"
8238145,Non TBC,Isi kotak P3K tidak lengkap,(B PMO) Office,Office KDC,"(B PMO) Office, Office KDC","[DESKRIPSI]: Isi kotak P3K tidak lengkap [LOKASI]: (B PMO) Office, Office KDC"
7160070,5. Deviasi Loading/Dumping,Ban menyentuh tanggil,,,,[DESKRIPSI]: Ban menyentuh tanggil
7214010,Non TBC,TTA - Driver menunduk ketika sedang mengoperasikan unit,,,,[DESKRIPSI]: TTA - Driver menunduk ketika sedang mengoperasikan unit
8240511,Non TBC,Ditemukan rambu dengan posisi rebah,(B PMO) Project,Project Underpass BC PMO,"(B PMO) Project, Project Underpass BC PMO","[DESKRIPSI]: Ditemukan rambu dengan posisi rebah [LOKASI]: (B PMO) Project, Project Underpass BC PMO"
8239478,Non TBC,Tutup panel listrik rusak,Towing Tug,TB PANCARAN 313,"Towing Tug, TB PANCARAN 313","[DESKRIPSI]: Tutup panel listrik rusak [LOKASI]: Towing Tug, TB PANCARAN 313"
8238887,Non TBC,Oli hidrolik kurang,Floating Crane,Heavy Equipment,"Floating Crane, Heavy Equipment","[DESKRIPSI]: Oli hidrolik kurang [LOKASI]: Floating Crane, Heavy Equipment"
8239364,2. Deviasi penggunaan APD,TBC pekerja tidak menggunakan sarung tangan saat mengukur material berpotensi terluka,(B8) Civil Project,Extend Workshop LV,"(B8) Civil Project, Extend Workshop LV","[DESKRIPSI]: TBC pekerja tidak menggunakan sarung tangan saat mengukur material berpotensi terluka [LOKASI]: (B8) Civil Project, Extend Workshop LV"
8236686,Non TBC,Log book deck berserahkan,Towing Tug,TB KSA 97,"Towing Tug, TB KSA 97","[DESKRIPSI]: Log book deck berserahkan [LOKASI]: Towing Tug, TB KSA 97"
8235724,Non TBC,Warnah box hydrant sudah mulai pudar,Towing Tug,TB KSA 100,"Towing Tug, TB KSA 100","[DESKRIPSI]: Warnah box hydrant sudah mulai pudar [LOKASI]: Towing Tug, TB KSA 100"
8235417,Non TBC,Tali tambak berantakan,Towing Tug,TB PERKASA 3,"Towing Tug, TB PERKASA 3","[DESKRIPSI]: Tali tambak berantakan [LOKASI]: Towing Tug, TB PERKASA 3"
6834468,6. Tidak terdapat pengawas/pengawas tidak memadai,Pengawas non HR di area HR,,,,[DESKRIPSI]: Pengawas non HR di area HR
8241189,Non TBC,kabel charger tidak dicabut setelah digunakan,Towing Tug,TB KSA 89,"Towing Tug, TB KSA 89","[DESKRIPSI]: kabel charger tidak dicabut setelah digunakan [LOKASI]: Towing Tug, TB KSA 89"
8241117,Non TBC,Panel alarm control tdk tertutup,Towing Tug,TB KSA 35,"Towing Tug, TB KSA 35","[DESKRIPSI]: Panel alarm control tdk tertutup [LOKASI]: Towing Tug, TB KSA 35"
8239630,Non TBC,"Lantai cat sudah pudar,",Assist Tug Transhipment,TB INTAN MEGAH 3,"Assist Tug Transhipment, TB INTAN MEGAH 3","[DESKRIPSI]: Lantai cat sudah pudar, [LOKASI]: Assist Tug Transhipment, TB INTAN MEGAH 3"
8239091,Non TBC,Air Aki low,EKSPLORASI PUNAN,AREA AKTIFITAS LOGGING,"EKSPLORASI PUNAN, AREA AKTIFITAS LOGGING","[DESKRIPSI]: Air Aki low [LOKASI]: EKSPLORASI PUNAN, AREA AKTIFITAS LOGGING"
8238977,Non TBC,LD 506 tyre no 2 leak,Coal Hauling Road,Jl. Barokah,"Coal Hauling Road, Jl. Barokah","[DESKRIPSI]: LD 506 tyre no 2 leak [LOKASI]: Coal Hauling Road, Jl. Barokah"
8238279,Non TBC,Pergantian filter oli me,Towing Tug,TB PANCARAN 213,"Towing Tug, TB PANCARAN 213","[DESKRIPSI]: Pergantian filter oli me [LOKASI]: Towing Tug, TB PANCARAN 213"
8238195,Non TBC,APAR di deck KIP belum di pasang,Floating Crane,FC Bulk Karimun,"Floating Crane, FC Bulk Karimun","[DESKRIPSI]: APAR di deck KIP belum di pasang [LOKASI]: Floating Crane, FC Bulk Karimun"
8237256,Non TBC,Terdapat jalan undulating di area dumping disposal,Pit S2,Disposal,"Pit S2, Disposal","[DESKRIPSI]: Terdapat jalan undulating di area dumping disposal [LOKASI]: Pit S2, Disposal"
8237246,Non TBC,Terdapat arah jalan undulating dumping ob disposal,Pit S2,Disposal,"Pit S2, Disposal","[DESKRIPSI]: Terdapat arah jalan undulating dumping ob disposal [LOKASI]: Pit S2, Disposal"
8237034,Non TBC,Rotari Bm 361 mati,Workshop Kalimantan,Workshop CSJ,"Workshop Kalimantan, Workshop CSJ","[DESKRIPSI]: Rotari Bm 361 mati [LOKASI]: Workshop Kalimantan, Workshop CSJ"
8236258,Non TBC,Wilnat LV 111 kurang satu,Office MTL,Office Cokelat,"Office MTL, Office Cokelat","[DESKRIPSI]: Wilnat LV 111 kurang satu [LOKASI]: Office MTL, Office Cokelat"
8235766,Non TBC,Kulkas belum ada penamaan,Towing Tug,TB KSA 100,"Towing Tug, TB KSA 100","[DESKRIPSI]: Kulkas belum ada penamaan [LOKASI]: Towing Tug, TB KSA 100"
8235504,Non TBC,Bolam lampu mess room putus,Towing Tug,TB PANCARAN 611,"Towing Tug, TB PANCARAN 611","[DESKRIPSI]: Bolam lampu mess room putus [LOKASI]: Towing Tug, TB PANCARAN 611"
8237723,2. Deviasi penggunaan APD,Rambu Komunikasi 2 Arah Pada Akses Keluar Dari Area Refueling K12 Tertutup Rumput,(B PMO) Hauling Road,Area Refueling K12 KDC,"(B PMO) Hauling Road, Area Refueling K12 KDC","[DESKRIPSI]: Rambu Komunikasi 2 Arah Pada Akses Keluar Dari Area Refueling K12 Tertutup Rumput [LOKASI]: (B PMO) Hauling Road, Area Refueling K12 KDC"
8241531,Non TBC,Balon lampu bukan pada tempatnya,Towing Tug,TB KSA 105,"Towing Tug, TB KSA 105","[DESKRIPSI]: Balon lampu bukan pada tempatnya [LOKASI]: Towing Tug, TB KSA 105"
8241212,Non TBC,Kabel charger tidak di cabut setelah digunakan,Towing Tug,TB KSA 94,"Towing Tug, TB KSA 94","[DESKRIPSI]: Kabel charger tidak di cabut setelah digunakan [LOKASI]: Towing Tug, TB KSA 94"
8240825,Non TBC,Jalan sempit dan undulating,Pit SE2,Front Loading,"Pit SE2, Front Loading","[DESKRIPSI]: Jalan sempit dan undulating [LOKASI]: Pit SE2, Front Loading"
8240707,Non TBC,Drum oli menghalangi jalan,Floating Crane,CTS Bulk Derawan,"Floating Crane, CTS Bulk Derawan","[DESKRIPSI]: Drum oli menghalangi jalan [LOKASI]: Floating Crane, CTS Bulk Derawan"
8240480,Non TBC,Rambu parkir tidak ada,(B8) Area Kritis Blok 8,(B8) Drill & Blast,"(B8) Area Kritis Blok 8, (B8) Drill & Blast","[DESKRIPSI]: Rambu parkir tidak ada [LOKASI]: (B8) Area Kritis Blok 8, (B8) Drill & Blast"
8240269,Non TBC,Pintu kotak panel tidak tertutup,Towing Tug,TB KSA 101,"Towing Tug, TB KSA 101","[DESKRIPSI]: Pintu kotak panel tidak tertutup [LOKASI]: Towing Tug, TB KSA 101"
8239093,Non TBC,Gembok rusak,EKSPLORASI PUNAN,AREA AKTIFITAS LOGGING,"EKSPLORASI PUNAN, AREA AKTIFITAS LOGGING","[DESKRIPSI]: Gembok rusak [LOKASI]: EKSPLORASI PUNAN, AREA AKTIFITAS LOGGING"
8237372,Non TBC,Jalan akses ke front J Barat undulating,(B8) Pit J,Front Loading OB,"(B8) Pit J, Front Loading OB","[DESKRIPSI]: Jalan akses ke front J Barat undulating [LOKASI]: (B8) Pit J, Front Loading OB"
8237233,Non TBC,Terdapat jalan undulating jalan dumping ob diaposal,Pit S2,Disposal,"Pit S2, Disposal","[DESKRIPSI]: Terdapat jalan undulating jalan dumping ob diaposal [LOKASI]: Pit S2, Disposal"
8236920,Non TBC,Terdapat segmen jalan undulating di jalan anyer,(B8) Pit J,Disposal,"(B8) Pit J, Disposal","[DESKRIPSI]: Terdapat segmen jalan undulating di jalan anyer [LOKASI]: (B8) Pit J, Disposal"
8240832,Non TBC,Rambu rambu tidak lengkap,Aktivitas Area High Risk,Loading Solu Pit East 2 PAMA,"Aktivitas Area High Risk, Loading Solu Pit East 2 PAMA","[DESKRIPSI]: Rambu rambu tidak lengkap [LOKASI]: Aktivitas Area High Risk, Loading Solu Pit East 2 PAMA"
8239966,Non TBC,Jalan berdebu,(B PMO) Hauling Road,Jalan Hauling Agatis KDC,"(B PMO) Hauling Road, Jalan Hauling Agatis KDC","[DESKRIPSI]: Jalan berdebu [LOKASI]: (B PMO) Hauling Road, Jalan Hauling Agatis KDC"
8239960,Non TBC,Rambu miring akan rebah,(B PMO) Hauling Road,Jalan Hauling Agatis KDC,"(B PMO) Hauling Road, Jalan Hauling Agatis KDC","[DESKRIPSI]: Rambu miring akan rebah [LOKASI]: (B PMO) Hauling Road, Jalan Hauling Agatis KDC"
8239061,Non TBC,jalan licin pasca hujan,Handling Soil East KDC,Dumping Stocksoil East KDC,"Handling Soil East KDC, Dumping Stocksoil East KDC","[DESKRIPSI]: jalan licin pasca hujan [LOKASI]: Handling Soil East KDC, Dumping Stocksoil East KDC"
8237282,Non TBC,Jalan Anyer undulating,(B8) Infrastucture Tambang,Office Minning Eye,"(B8) Infrastucture Tambang, Office Minning Eye","[DESKRIPSI]: Jalan Anyer undulating [LOKASI]: (B8) Infrastucture Tambang, Office Minning Eye"
8235923,Non TBC,Filter minyak ME kotor,Towing Tug,TB KSA 160,"Towing Tug, TB KSA 160","[DESKRIPSI]: Filter minyak ME kotor [LOKASI]: Towing Tug, TB KSA 160"
8235180,Non TBC,Median belum terpasang rambu,Pit East 2,Mine Road Access,"Pit East 2, Mine Road Access","[DESKRIPSI]: Median belum terpasang rambu [LOKASI]: Pit East 2, Mine Road Access"
8234688,Non TBC,Sampah belum dibuang ke didposal,Gerdas Training Center,Bangunan Gerdas,"Gerdas Training Center, Bangunan Gerdas","[DESKRIPSI]: Sampah belum dibuang ke didposal [LOKASI]: Gerdas Training Center, Bangunan Gerdas"
8095924,7. LOTO,"Pekerjaan perbaikan HD 4465, Pengawas perbaikan a/n Sriyanto meninggalkan bays dan mendelegasikan pengawasan kepada pak Deni Kristiawan. Namun Pak Kristiawan tidak memasang LOTO dan LOTO milik pak Sriyanto tidak dilepaskan",(B8) Workshop Champoin,Bays Champions,"(B8) Workshop Champoin, Bays Champions","[DESKRIPSI]: Pekerjaan perbaikan HD 4465, Pengawas perbaikan a/n Sriyanto meninggalkan bays dan mendelegasikan pengawasan kepada pak Deni Kristiawan. Namun Pak Kristiawan tidak memasang LOTO dan LOTO milik pak Sriyanto tidak dilepaskan [LOKASI]: (B8) Workshop Champoin, Bays Champions"
8139712,1. Deviasi pengoperasian kendaraan/unit,Pengecekan kepatuhan terhadap GR dan kelayakan pengoperasian kendaraan dan unit. Buckel dan male lock safety belt terputus bangku no 49 pada bus Manhaul 014,Camp/Mess,Mess PT. MTN 056,"Camp/Mess, Mess PT. MTN 056","[DESKRIPSI]: Pengecekan kepatuhan terhadap GR dan kelayakan pengoperasian kendaraan dan unit. Buckel dan male lock safety belt terputus bangku no 49 pada bus Manhaul 014 [LOKASI]: Camp/Mess, Mess PT. MTN 056"
8241200,Non TBC,Cat draft tengah tongkang mulai pudar,Towing Tug,TB KSA 125,"Towing Tug, TB KSA 125","[DESKRIPSI]: Cat draft tengah tongkang mulai pudar [LOKASI]: Towing Tug, TB KSA 125"
8241130,Non TBC,Monitor cctv belum di colok,Towing Tug,TB PANCARAN 213,"Towing Tug, TB PANCARAN 213","[DESKRIPSI]: Monitor cctv belum di colok [LOKASI]: Towing Tug, TB PANCARAN 213"
8240590,Non TBC,Kabel las rusak berpotensi short,Workshop Fabrikasi Pama,Bays SSE,"Workshop Fabrikasi Pama, Bays SSE","[DESKRIPSI]: Kabel las rusak berpotensi short [LOKASI]: Workshop Fabrikasi Pama, Bays SSE"
8239057,Non TBC,Pekerja tidak memakai sarung tangan,(B PMO) Project,Project Underpass BC PMO,"(B PMO) Project, Project Underpass BC PMO","[DESKRIPSI]: Pekerja tidak memakai sarung tangan [LOKASI]: (B PMO) Project, Project Underpass BC PMO"
8238531,Non TBC,yawning,Control Room Technology,Control Room Mining Eyes & MH02,"Control Room Technology, Control Room Mining Eyes & MH02","[DESKRIPSI]: yawning [LOKASI]: Control Room Technology, Control Room Mining Eyes & MH02"
8236689,Non TBC,Debu mulai naik di Pit C2 Timur,(B8) Pit C2,Front Loading OB,"(B8) Pit C2, Front Loading OB","[DESKRIPSI]: Debu mulai naik di Pit C2 Timur [LOKASI]: (B8) Pit C2, Front Loading OB"
8236372,Non TBC,terdapat sampah dalam ruang muat,Barge,BG RMN 2716,"Barge, BG RMN 2716","[DESKRIPSI]: terdapat sampah dalam ruang muat [LOKASI]: Barge, BG RMN 2716"
8239115,4. Posisi Pekerja pada Area Tidak aman/Tidak Sesuai Prosedur,Tidak memasang lock articulated saat melakukan repair unit berpotensi menyebabkan orang terjepit unit,Main Workshop Pama,Bays 1 (Wheel),"Main Workshop Pama, Bays 1 (Wheel)","[DESKRIPSI]: Tidak memasang lock articulated saat melakukan repair unit berpotensi menyebabkan orang terjepit unit [LOKASI]: Main Workshop Pama, Bays 1 (Wheel)"
8235234,Non TBC,Lantai kotor,Main Workshop Pama,Bays 2 (Track),"Main Workshop Pama, Bays 2 (Track)","[DESKRIPSI]: Lantai kotor [LOKASI]: Main Workshop Pama, Bays 2 (Track)"
8235008,Non TBC,KURSI MENGHALANGI JALAN,Assist Tug Sungai,TB DL 09,"Assist Tug Sungai, TB DL 09","[DESKRIPSI]: KURSI MENGHALANGI JALAN [LOKASI]: Assist Tug Sungai, TB DL 09"
7263160,4. Posisi Pekerja pada Area Tidak aman/Tidak Sesuai Prosedur,"Posisi unit excavator berdekatan dan masuk radius swing, agar segera dipindah unit yg berdekatan",,,,"[DESKRIPSI]: Posisi unit excavator berdekatan dan masuk radius swing, agar segera dipindah unit yg berdekatan"
8241449,Non TBC,Tidak ada penandaan pada fire alarm,Towing Tug,TB KSA 160,"Towing Tug, TB KSA 160","[DESKRIPSI]: Tidak ada penandaan pada fire alarm [LOKASI]: Towing Tug, TB KSA 160"
8240637,Non TBC,Kondisi jalan pit j barat berdebu,(B8) Pit J,Front Loading OB,"(B8) Pit J, Front Loading OB","[DESKRIPSI]: Kondisi jalan pit j barat berdebu [LOKASI]: (B8) Pit J, Front Loading OB"
8239191,Non TBC,Material belum dirapikan,(B PMO) Project,Project Underpass BC PMO,"(B PMO) Project, Project Underpass BC PMO","[DESKRIPSI]: Material belum dirapikan [LOKASI]: (B PMO) Project, Project Underpass BC PMO"
8238946,Non TBC,Sepatu tidak di rapikan,Warehouse,Warehouse MTL,Warehouse MTL,[DESKRIPSI]: Sepatu tidak di rapikan [LOKASI]: Warehouse MTL
8238338,Non TBC,Debuh tebal jarak pandang terbatas,Coal Hauling,Jalan Rinjani,"Coal Hauling, Jalan Rinjani","[DESKRIPSI]: Debuh tebal jarak pandang terbatas [LOKASI]: Coal Hauling, Jalan Rinjani"
8238196,Non TBC,Jalan sempit masuk area front,Pit West,Front Loading,"Pit West, Front Loading","[DESKRIPSI]: Jalan sempit masuk area front [LOKASI]: Pit West, Front Loading"
8237882,Non TBC,Tidak ada rambu retro pada tanggul jalan,Project Diversion Selatan BAR,Akses Road,"Project Diversion Selatan BAR, Akses Road","[DESKRIPSI]: Tidak ada rambu retro pada tanggul jalan [LOKASI]: Project Diversion Selatan BAR, Akses Road"
8237773,Non TBC,Checklist inspeksi apar di anjungan tidak ada,Towing Tug,TB KSA 104,"Towing Tug, TB KSA 104","[DESKRIPSI]: Checklist inspeksi apar di anjungan tidak ada [LOKASI]: Towing Tug, TB KSA 104"
8237587,Non TBC,Kabel berantakan,Assist Tug Transhipment,TB INTAN MEGAH 3,"Assist Tug Transhipment, TB INTAN MEGAH 3","[DESKRIPSI]: Kabel berantakan [LOKASI]: Assist Tug Transhipment, TB INTAN MEGAH 3"
8236982,Non TBC,Apar low pressure,Workshop MTL KM 1,"WS A2B,Support & Gudang MTL","Workshop MTL KM 1, WS A2B,Support & Gudang MTL","[DESKRIPSI]: Apar low pressure [LOKASI]: Workshop MTL KM 1, WS A2B,Support & Gudang MTL"
8236842,Non TBC,Jalan undulating,Disposal OPD East 1,Akses Front dumping Disposal PAMA,"Disposal OPD East 1, Akses Front dumping Disposal PAMA","[DESKRIPSI]: Jalan undulating [LOKASI]: Disposal OPD East 1, Akses Front dumping Disposal PAMA"
8236356,Non TBC,tumpukan dokumen tidak rapi diatas meja kerja,Office BUMA,Area Office BUMA,Area Office BUMA,[DESKRIPSI]: tumpukan dokumen tidak rapi diatas meja kerja [LOKASI]: Area Office BUMA
8236148,Non TBC,Tidak ada penandaan pada Bell alarm,Towing Tug,TB KSA 160,"Towing Tug, TB KSA 160","[DESKRIPSI]: Tidak ada penandaan pada Bell alarm [LOKASI]: Towing Tug, TB KSA 160"
8236128,Non TBC,Tidak ada penandaan pada fire alarm,Towing Tug,TB KSA 160,"Towing Tug, TB KSA 160","[DESKRIPSI]: Tidak ada penandaan pada fire alarm [LOKASI]: Towing Tug, TB KSA 160"
8235990,Non TBC,Tali mengganggu jalan ditongkang,Towing Tug,TB BERAU 22,"Towing Tug, TB BERAU 22","[DESKRIPSI]: Tali mengganggu jalan ditongkang [LOKASI]: Towing Tug, TB BERAU 22"
8235578,Non TBC,Area parkir belum terbentuk,Pit PQRT,[Area Kritis] Drill & Blast,"Pit PQRT, [Area Kritis] Drill & Blast","[DESKRIPSI]: Area parkir belum terbentuk [LOKASI]: Pit PQRT, [Area Kritis] Drill & Blast"
8239858,4. Posisi Pekerja pada Area Tidak aman/Tidak Sesuai Prosedur,Terdapat tanaman merambat di sekitar area pondok pengawas disposal berpotensi menjadi sarang ular berbisa,Handling Soil East KDC,Dumping Stocksoil East KDC,"Handling Soil East KDC, Dumping Stocksoil East KDC","[DESKRIPSI]: Terdapat tanaman merambat di sekitar area pondok pengawas disposal berpotensi menjadi sarang ular berbisa [LOKASI]: Handling Soil East KDC, Dumping Stocksoil East KDC"
8235318,Non TBC,Area parkir belum terbentuk,Pit PQRT,[Area Kritis] Drill & Blast,"Pit PQRT, [Area Kritis] Drill & Blast","[DESKRIPSI]: Area parkir belum terbentuk [LOKASI]: Pit PQRT, [Area Kritis] Drill & Blast"
7015549,5. Deviasi Loading/Dumping,Dumping limiter belum di update,,,,[DESKRIPSI]: Dumping limiter belum di update
8240581,Non TBC,Komunikasi 2 arah terdoubling,Pit West,Front Loading,"Pit West, Front Loading","[DESKRIPSI]: Komunikasi 2 arah terdoubling [LOKASI]: Pit West, Front Loading"
8240205,Non TBC,Jalan panarukan - dago 1 undulating,(B8) Road Management,Jln. Panarukan,"(B8) Road Management, Jln. Panarukan","[DESKRIPSI]: Jalan panarukan - dago 1 undulating [LOKASI]: (B8) Road Management, Jln. Panarukan"
8239587,14. Technology,CCTV pit west offline,Pit West,Front Loading,"Pit West, Front Loading","[DESKRIPSI]: CCTV pit west offline [LOKASI]: Pit West, Front Loading"
8239456,Non TBC,Bendera bugiwhip sudah rusak.,(B8) Workshop SSE,Bays SSE,"(B8) Workshop SSE, Bays SSE","[DESKRIPSI]: Bendera bugiwhip sudah rusak. [LOKASI]: (B8) Workshop SSE, Bays SSE"
8237637,Non TBC,Terdapat Coal Oversize Pada Dumpingan PTR di Rom 3,(B PMO) ROM,ROM 3 KDC,"(B PMO) ROM, ROM 3 KDC","[DESKRIPSI]: Terdapat Coal Oversize Pada Dumpingan PTR di Rom 3 [LOKASI]: (B PMO) ROM, ROM 3 KDC"
8237101,Non TBC,Look book tidak pada tempatnya,Towing Tug,TB KSA 101,"Towing Tug, TB KSA 101","[DESKRIPSI]: Look book tidak pada tempatnya [LOKASI]: Towing Tug, TB KSA 101"
8235235,Non TBC,Belt yang terkelupas,Floating Crane,FLF Ocean Flow,"Floating Crane, FLF Ocean Flow","[DESKRIPSI]: Belt yang terkelupas [LOKASI]: Floating Crane, FLF Ocean Flow"
7145351,14. Technology,0089 - CCTV PSCM Sotrage OutDoor terpantau offline,,,,[DESKRIPSI]: 0089 - CCTV PSCM Sotrage OutDoor terpantau offline
8241623,Non TBC,Ditemuka dudukan lampu rusak,Floating Crane,CTS Bulk Celebes,"Floating Crane, CTS Bulk Celebes","[DESKRIPSI]: Ditemuka dudukan lampu rusak [LOKASI]: Floating Crane, CTS Bulk Celebes"
8240677,Non TBC,Meja peta berantakan,Towing Tug,TB KSA 39,"Towing Tug, TB KSA 39","[DESKRIPSI]: Meja peta berantakan [LOKASI]: Towing Tug, TB KSA 39"
8239708,Non TBC,Tidak pada tempat nya,Floating Crane,FC Bulk Karimun,"Floating Crane, FC Bulk Karimun","[DESKRIPSI]: Tidak pada tempat nya [LOKASI]: Floating Crane, FC Bulk Karimun"
8239231,Non TBC,stand kotor,Main Workshop Pama,Bays 2 (Track),"Main Workshop Pama, Bays 2 (Track)","[DESKRIPSI]: stand kotor [LOKASI]: Main Workshop Pama, Bays 2 (Track)"
8239077,Non TBC,Area sekitar mobile crane belum di dermakasi,(B PMO) Project,Project Underpass BC PMO,"(B PMO) Project, Project Underpass BC PMO","[DESKRIPSI]: Area sekitar mobile crane belum di dermakasi [LOKASI]: (B PMO) Project, Project Underpass BC PMO"
8238980,Non TBC,Braket lampu kabut LV 212 lepas,(B PMO) Office,Office KDC,"(B PMO) Office, Office KDC","[DESKRIPSI]: Braket lampu kabut LV 212 lepas [LOKASI]: (B PMO) Office, Office KDC"
8238714,Non TBC,jalan licin pasca hujan,(B PMO) Pit Q1,Loading Soil Outpit Disposal OPD Q KDC,"(B PMO) Pit Q1, Loading Soil Outpit Disposal OPD Q KDC","[DESKRIPSI]: jalan licin pasca hujan [LOKASI]: (B PMO) Pit Q1, Loading Soil Outpit Disposal OPD Q KDC"
8235978,Non TBC,Belum terpasang rambu di muara simpang front 6015_03&6015_25,Pit PQRT,Front Loading,"Pit PQRT, Front Loading","[DESKRIPSI]: Belum terpasang rambu di muara simpang front 6015_03&6015_25 [LOKASI]: Pit PQRT, Front Loading"
8235917,Non TBC,Strainer Air laut ME Kotor,Towing Tug,TB KSA 160,"Towing Tug, TB KSA 160","[DESKRIPSI]: Strainer Air laut ME Kotor [LOKASI]: Towing Tug, TB KSA 160"
8234905,Non TBC,Debu mulai tebal area front j barat,(B8) Pit J,Front Loading OB,"(B8) Pit J, Front Loading OB","[DESKRIPSI]: Debu mulai tebal area front j barat [LOKASI]: (B8) Pit J, Front Loading OB"
8190478,7. LOTO,Unit breakdown belum terpasang service tag,Main Workshop Pama,Bays 1 (Wheel),"Main Workshop Pama, Bays 1 (Wheel)","[DESKRIPSI]: Unit breakdown belum terpasang service tag [LOKASI]: Main Workshop Pama, Bays 1 (Wheel)"
8240593,Non TBC,Undulating arah disposal,Project Diversion Selatan BAR,Dumping Embankment,"Project Diversion Selatan BAR, Dumping Embankment","[DESKRIPSI]: Undulating arah disposal [LOKASI]: Project Diversion Selatan BAR, Dumping Embankment"
8240554,Non TBC,Tidak ada rambu stop pada simpang front,Bandara Southwest PAMA,Infrastruktur Bandara,"Bandara Southwest PAMA, Infrastruktur Bandara","[DESKRIPSI]: Tidak ada rambu stop pada simpang front [LOKASI]: Bandara Southwest PAMA, Infrastruktur Bandara"
8239755,Non TBC,metal roller broken,Floating Crane,CTS Bulk Sumatera,"Floating Crane, CTS Bulk Sumatera","[DESKRIPSI]: metal roller broken [LOKASI]: Floating Crane, CTS Bulk Sumatera"
8239297,Non TBC,Tumpukan batu bara di sisi kiri tongkang,Barge,BG PST 315,"Barge, BG PST 315","[DESKRIPSI]: Tumpukan batu bara di sisi kiri tongkang [LOKASI]: Barge, BG PST 315"
8238883,Non TBC,#TBC isolasi kabel terbuka,Crusher 02 dan OLC,MCC Room CR 2,"Crusher 02 dan OLC, MCC Room CR 2","[DESKRIPSI]: #TBC isolasi kabel terbuka [LOKASI]: Crusher 02 dan OLC, MCC Room CR 2"
8238223,Non TBC,Terdapat spoil baju jalan terjadi penyempitan,(B PMO) Pit K1,Mine Road Access K1 KDC,"(B PMO) Pit K1, Mine Road Access K1 KDC","[DESKRIPSI]: Terdapat spoil baju jalan terjadi penyempitan [LOKASI]: (B PMO) Pit K1, Mine Road Access K1 KDC"
8237628,Non TBC,Jalan akses masuk disposal tidak rata,Project Rehandling Soil OPP,Disposal,"Project Rehandling Soil OPP, Disposal","[DESKRIPSI]: Jalan akses masuk disposal tidak rata [LOKASI]: Project Rehandling Soil OPP, Disposal"
8237360,Non TBC,Pintu panel lampu tidak di tutup rapat,Towing Tug,TB KSA 105,"Towing Tug, TB KSA 105","[DESKRIPSI]: Pintu panel lampu tidak di tutup rapat [LOKASI]: Towing Tug, TB KSA 105"
8237239,Non TBC,PANEL TIDAK DITUTUP KEMBALI,Assist Tug Sungai,TB DL 09,"Assist Tug Sungai, TB DL 09","[DESKRIPSI]: PANEL TIDAK DITUTUP KEMBALI [LOKASI]: Assist Tug Sungai, TB DL 09"
8236519,Non TBC,Jalan undulating diarea manuver trailler,ROM Central,Area Loading/Dumping,"ROM Central, Area Loading/Dumping","[DESKRIPSI]: Jalan undulating diarea manuver trailler [LOKASI]: ROM Central, Area Loading/Dumping"
8241042,Non TBC,Pergantian Saringan udara AE kiri,Towing Tug,TB KSA 29,"Towing Tug, TB KSA 29","[DESKRIPSI]: Pergantian Saringan udara AE kiri [LOKASI]: Towing Tug, TB KSA 29"
8240743,Non TBC,Lap kaki tidak pada tempatnya,Towing Tug,TB KSA 159,"Towing Tug, TB KSA 159","[DESKRIPSI]: Lap kaki tidak pada tempatnya [LOKASI]: Towing Tug, TB KSA 159"
8239097,Non TBC,Terdapat akses jalan revegetasi belum terpasang rambu stop,Revegetasi,Area Revegetasi,Area Revegetasi,[DESKRIPSI]: Terdapat akses jalan revegetasi belum terpasang rambu stop [LOKASI]: Area Revegetasi
8238521,Non TBC,overspeed,Control Room Technology,Control Room Mining Eyes & MH02,"Control Room Technology, Control Room Mining Eyes & MH02","[DESKRIPSI]: overspeed [LOKASI]: Control Room Technology, Control Room Mining Eyes & MH02"
8238123,Non TBC,Mine out belum optimal floor seam Q,(B PMO) Pit Q1,Loading Point Q1 KDC,"(B PMO) Pit Q1, Loading Point Q1 KDC","[DESKRIPSI]: Mine out belum optimal floor seam Q [LOKASI]: (B PMO) Pit Q1, Loading Point Q1 KDC"
8237978,5. Deviasi Loading/Dumping,Limiter belum update,Pit SE2,Disposal,"Pit SE2, Disposal","[DESKRIPSI]: Limiter belum update [LOKASI]: Pit SE2, Disposal"
8236662,Non TBC,Apart tidak berada pada tempat nya,Towing Tug,TB KSA 97,"Towing Tug, TB KSA 97","[DESKRIPSI]: Apart tidak berada pada tempat nya [LOKASI]: Towing Tug, TB KSA 97"
8235888,Non TBC,Tidak ada penandaan pada smoke detektor,Towing Tug,TB KSA 160,"Towing Tug, TB KSA 160","[DESKRIPSI]: Tidak ada penandaan pada smoke detektor [LOKASI]: Towing Tug, TB KSA 160"
8235777,Non TBC,Smoke detector belum ada penamaan,Towing Tug,TB KSA 100,"Towing Tug, TB KSA 100","[DESKRIPSI]: Smoke detector belum ada penamaan [LOKASI]: Towing Tug, TB KSA 100"
8240572,Non TBC,Bundwall tidak standar,Pit West,Front Loading,"Pit West, Front Loading","[DESKRIPSI]: Bundwall tidak standar [LOKASI]: Pit West, Front Loading"
8239658,Non TBC,Lampu depan mati,Main Workshop Pama,Akses Jalan area Workshop,"Main Workshop Pama, Akses Jalan area Workshop","[DESKRIPSI]: Lampu depan mati [LOKASI]: Main Workshop Pama, Akses Jalan area Workshop"
8239647,Non TBC,Ditemukan sampah tidak dipilah,Warehouse,Warehouse PT. BC SMO,Warehouse PT. BC SMO,[DESKRIPSI]: Ditemukan sampah tidak dipilah [LOKASI]: Warehouse PT. BC SMO
8239334,Non TBC,Tali tambat buritan belum di rapikan,Towing Tug,TB PANCARAN 311,"Towing Tug, TB PANCARAN 311","[DESKRIPSI]: Tali tambat buritan belum di rapikan [LOKASI]: Towing Tug, TB PANCARAN 311"
8239016,Non TBC,Jalan Disposal banyak spoil,Project Diversion Selatan PAMA,Front Dumping Disposal PAMA,"Project Diversion Selatan PAMA, Front Dumping Disposal PAMA","[DESKRIPSI]: Jalan Disposal banyak spoil [LOKASI]: Project Diversion Selatan PAMA, Front Dumping Disposal PAMA"
8238882,Non TBC,"Buggy whip robek, segera diganti",Mess Pama,Project Mess PAMA,Project Mess PAMA,"[DESKRIPSI]: Buggy whip robek, segera diganti [LOKASI]: Project Mess PAMA"
8238841,Non TBC,Air aki AE sebelah kiri kurang,Towing Tug,TB PERKASA 13,"Towing Tug, TB PERKASA 13","[DESKRIPSI]: Air aki AE sebelah kiri kurang [LOKASI]: Towing Tug, TB PERKASA 13"
8236550,Non TBC,Tidak terpasang balikade pada unit BD,(B PMO) Workshop,Workshop Temporary KDC,"(B PMO) Workshop, Workshop Temporary KDC","[DESKRIPSI]: Tidak terpasang balikade pada unit BD [LOKASI]: (B PMO) Workshop, Workshop Temporary KDC"
8235903,Non TBC,Tidak ada penandaan pada lampu emergency,Towing Tug,TB KSA 160,"Towing Tug, TB KSA 160","[DESKRIPSI]: Tidak ada penandaan pada lampu emergency [LOKASI]: Towing Tug, TB KSA 160"
7294421,4. Posisi Pekerja pada Area Tidak aman/Tidak Sesuai Prosedur,Posisi Towerlamp terlalu jauh dengan front ex 1238 sehingga penerangan kurang dari 20 lux,,,,[DESKRIPSI]: Posisi Towerlamp terlalu jauh dengan front ex 1238 sehingga penerangan kurang dari 20 lux
8234928,Non TBC,Unit wll01 bd. Belum terpasang ganjal.,(B PMO) Workshop,Workshop Temporary KDC,"(B PMO) Workshop, Workshop Temporary KDC","[DESKRIPSI]: Unit wll01 bd. Belum terpasang ganjal. [LOKASI]: (B PMO) Workshop, Workshop Temporary KDC"
8234852,Non TBC,penumpukan batubara terlalu banyak,Floating Crane,CTS Bulk Derawan,"Floating Crane, CTS Bulk Derawan","[DESKRIPSI]: penumpukan batubara terlalu banyak [LOKASI]: Floating Crane, CTS Bulk Derawan"
8234849,Non TBC,Kabel tidak di isolasi,Workshop Fabrikasi Pama,Bays Fabrikasi,"Workshop Fabrikasi Pama, Bays Fabrikasi","[DESKRIPSI]: Kabel tidak di isolasi [LOKASI]: Workshop Fabrikasi Pama, Bays Fabrikasi"
8240926,Non TBC,Unit 331 bd belum terpasang service tag,(B PMO) Workshop,Workshop Temporary KDC,"(B PMO) Workshop, Workshop Temporary KDC","[DESKRIPSI]: Unit 331 bd belum terpasang service tag [LOKASI]: (B PMO) Workshop, Workshop Temporary KDC"
8239872,Non TBC,Sampah penuh,Change shift Barokah LD/DT,Akses Jalan Change Shift,"Change shift Barokah LD/DT, Akses Jalan Change Shift","[DESKRIPSI]: Sampah penuh [LOKASI]: Change shift Barokah LD/DT, Akses Jalan Change Shift"
8239374,Non TBC,Jalan lowwal bawah berdebu,(B8) Road Management,Jln. Ubud,"(B8) Road Management, Jln. Ubud","[DESKRIPSI]: Jalan lowwal bawah berdebu [LOKASI]: (B8) Road Management, Jln. Ubud"
8238239,Non TBC,tidak ada lampu tongkang,Towing Tug,TB KSA 87,"Towing Tug, TB KSA 87","[DESKRIPSI]: tidak ada lampu tongkang [LOKASI]: Towing Tug, TB KSA 87"
8237471,Non TBC,Sampah,Office Pama,Infrastruktur Office PAMA,Infrastruktur Office PAMA,[DESKRIPSI]: Sampah [LOKASI]: Infrastruktur Office PAMA
8237065,Non TBC,Kepala aki Dozer ABL 02 PATAH,Floating Crane,CTS Bulk Celebes,"Floating Crane, CTS Bulk Celebes","[DESKRIPSI]: Kepala aki Dozer ABL 02 PATAH [LOKASI]: Floating Crane, CTS Bulk Celebes"
8236774,5. Deviasi Loading/Dumping,Bundwall belum standart,Pit West,Front Dumping,"Pit West, Front Dumping","[DESKRIPSI]: Bundwall belum standart [LOKASI]: Pit West, Front Dumping"
8236107,Non TBC,Undulating terdapat di area manuver unit,(B PMO) Pit Q1,Mine Road Access KDC,"(B PMO) Pit Q1, Mine Road Access KDC","[DESKRIPSI]: Undulating terdapat di area manuver unit [LOKASI]: (B PMO) Pit Q1, Mine Road Access KDC"
8235701,Non TBC,Apar belum terceklis bulan februari,Towing Tug,TB KSA 100,"Towing Tug, TB KSA 100","[DESKRIPSI]: Apar belum terceklis bulan februari [LOKASI]: Towing Tug, TB KSA 100"
8239988,4. Posisi Pekerja pada Area Tidak aman/Tidak Sesuai Prosedur,Terdapat tangulan TL kurang standar di disposal elv 20 potensi tertabrak unit yg melintas,(B PMO) Pit Q1,Disposal OPD Q1 KDC,"(B PMO) Pit Q1, Disposal OPD Q1 KDC","[DESKRIPSI]: Terdapat tangulan TL kurang standar di disposal elv 20 potensi tertabrak unit yg melintas [LOKASI]: (B PMO) Pit Q1, Disposal OPD Q1 KDC"
8235237,Non TBC,Rotary lamp C5073 mati,Pit Stop Hauler T6,Area Perbaikan Unit,"Pit Stop Hauler T6, Area Perbaikan Unit","[DESKRIPSI]: Rotary lamp C5073 mati [LOKASI]: Pit Stop Hauler T6, Area Perbaikan Unit"
8235236,Non TBC,APAR unit low pressure,Workshop BMC,Bays Maintenance,"Workshop BMC, Bays Maintenance","[DESKRIPSI]: APAR unit low pressure [LOKASI]: Workshop BMC, Bays Maintenance"
8241092,Non TBC,CHARGER HP TIDAK DI LEPAS SETELAH PAKAI,Assist Tug Transhipment,TB PWT 57,"Assist Tug Transhipment, TB PWT 57","[DESKRIPSI]: CHARGER HP TIDAK DI LEPAS SETELAH PAKAI [LOKASI]: Assist Tug Transhipment, TB PWT 57"
8239496,Non TBC,Pergantian bohlam lampu di engine room,Towing Tug,TB PANCARAN 611,"Towing Tug, TB PANCARAN 611","[DESKRIPSI]: Pergantian bohlam lampu di engine room [LOKASI]: Towing Tug, TB PANCARAN 611"
8238208,Non TBC,Ditemukan FBH belum di pasang tagging inspeksi,Floating Crane,FC Bulk Karimun,"Floating Crane, FC Bulk Karimun","[DESKRIPSI]: Ditemukan FBH belum di pasang tagging inspeksi [LOKASI]: Floating Crane, FC Bulk Karimun"
8235104,Non TBC,Area manuver disposal Malioboro undulating,(B8) Pit CH,Disposal Kering IPD CH,"(B8) Pit CH, Disposal Kering IPD CH","[DESKRIPSI]: Area manuver disposal Malioboro undulating [LOKASI]: (B8) Pit CH, Disposal Kering IPD CH"
8239254,Non TBC,CCTV belum di nyalakan,Assist Tug Sungai,TB DL 09,"Assist Tug Sungai, TB DL 09","[DESKRIPSI]: CCTV belum di nyalakan [LOKASI]: Assist Tug Sungai, TB DL 09"
8238178,Non TBC,Loto rusak,Office Plant Pama,Infrastruktur Office Plant PAMA,Infrastruktur Office Plant PAMA,[DESKRIPSI]: Loto rusak [LOKASI]: Infrastruktur Office Plant PAMA
8237908,Non TBC,Bohlam lampu anjungan luar sebelah kanan mati,Towing Tug,TB KSA 78,"Towing Tug, TB KSA 78","[DESKRIPSI]: Bohlam lampu anjungan luar sebelah kanan mati [LOKASI]: Towing Tug, TB KSA 78"
8237533,Non TBC,Tutup cet tidak rapat,Towing Tug,TB KSA 160,"Towing Tug, TB KSA 160","[DESKRIPSI]: Tutup cet tidak rapat [LOKASI]: Towing Tug, TB KSA 160"
8236931,Non TBC,Tidak melepas charger HT setelah di gunakan,Towing Tug,TB ARMADA KALTIM 08,"Towing Tug, TB ARMADA KALTIM 08","[DESKRIPSI]: Tidak melepas charger HT setelah di gunakan [LOKASI]: Towing Tug, TB ARMADA KALTIM 08"
8236811,Non TBC,Tidak ada tagging inspeksi tali,Coal Crushing Plant (CPP),Jetty / Dermaga Barging,"Coal Crushing Plant (CPP), Jetty / Dermaga Barging","[DESKRIPSI]: Tidak ada tagging inspeksi tali [LOKASI]: Coal Crushing Plant (CPP), Jetty / Dermaga Barging"
8236692,Non TBC,Jas hujan tidak berada pada tempat nya,Towing Tug,TB KSA 97,"Towing Tug, TB KSA 97","[DESKRIPSI]: Jas hujan tidak berada pada tempat nya [LOKASI]: Towing Tug, TB KSA 97"
8236420,Non TBC,Ex 3952 breakdown belum terpasang safety line,(B PMO) Pit Q1,Pit Stop A2B Q1 KDC,"(B PMO) Pit Q1, Pit Stop A2B Q1 KDC","[DESKRIPSI]: Ex 3952 breakdown belum terpasang safety line [LOKASI]: (B PMO) Pit Q1, Pit Stop A2B Q1 KDC"
8234868,Non TBC,Rambu yang sudah tidak jelas tulisannya,EKSPLORASI PUNAN,AREA PENGEBORAN - RIG DM 010,"EKSPLORASI PUNAN, AREA PENGEBORAN - RIG DM 010","[DESKRIPSI]: Rambu yang sudah tidak jelas tulisannya [LOKASI]: EKSPLORASI PUNAN, AREA PENGEBORAN - RIG DM 010"
8234748,Non TBC,Safety line belum terpasang di sisi barat,(B8) Pit Z,(Area Kritis) Drill & Blast,"(B8) Pit Z, (Area Kritis) Drill & Blast","[DESKRIPSI]: Safety line belum terpasang di sisi barat [LOKASI]: (B8) Pit Z, (Area Kritis) Drill & Blast"
8240709,Non TBC,Sarung tangan latek robek tidak layak di gunakan,WMP 14 LT,Kolam & Inlet/Outlet,"WMP 14 LT, Kolam & Inlet/Outlet","[DESKRIPSI]: Sarung tangan latek robek tidak layak di gunakan [LOKASI]: WMP 14 LT, Kolam & Inlet/Outlet"
8238154,Non TBC,Apar anjungan belum di ispeksi pada bulan 1 dan 2,Towing Tug,TB PANCARAN 215,"Towing Tug, TB PANCARAN 215","[DESKRIPSI]: Apar anjungan belum di ispeksi pada bulan 1 dan 2 [LOKASI]: Towing Tug, TB PANCARAN 215"
8237940,Non TBC,Lampu kerja kompek mati,(B8) Road Management,Jln. Hauling Blok 7,"(B8) Road Management, Jln. Hauling Blok 7","[DESKRIPSI]: Lampu kerja kompek mati [LOKASI]: (B8) Road Management, Jln. Hauling Blok 7"
8237370,Non TBC,Radio HT tidak di tempatnya,Towing Tug,TB KSA 33,"Towing Tug, TB KSA 33","[DESKRIPSI]: Radio HT tidak di tempatnya [LOKASI]: Towing Tug, TB KSA 33"
8237018,Non TBC,WRC Non aktif,Mess Pama,Infrastruktur Masjid PAMA,"Mess Pama, Infrastruktur Masjid PAMA","[DESKRIPSI]: WRC Non aktif [LOKASI]: Mess Pama, Infrastruktur Masjid PAMA"
8236290,Non TBC,Menyimpan helmet bukan pada tempatnya,Towing Tug,TB SELWYN 1,"Towing Tug, TB SELWYN 1","[DESKRIPSI]: Menyimpan helmet bukan pada tempatnya [LOKASI]: Towing Tug, TB SELWYN 1"
8235891,Non TBC,sampah bekas mekilo,Mess,[BUMA] Mess Kalimantan,[BUMA] Mess Kalimantan,[DESKRIPSI]: sampah bekas mekilo [LOKASI]: [BUMA] Mess Kalimantan
8235290,Non TBC,Jarak pandang terbatas karena debu tebal,Coal Hauling Road,Jl. Barokah,"Coal Hauling Road, Jl. Barokah","[DESKRIPSI]: Jarak pandang terbatas karena debu tebal [LOKASI]: Coal Hauling Road, Jl. Barokah"
8235208,Non TBC,Ditemukan stang las rusak,(B PMO) Workshop,Workshop Temporary KDC,"(B PMO) Workshop, Workshop Temporary KDC","[DESKRIPSI]: Ditemukan stang las rusak [LOKASI]: (B PMO) Workshop, Workshop Temporary KDC"
8235175,Non TBC,Jalan akses ke front pit q timur undulating,(B PMO) Pit Q1,Mine Road Access KDC,"(B PMO) Pit Q1, Mine Road Access KDC","[DESKRIPSI]: Jalan akses ke front pit q timur undulating [LOKASI]: (B PMO) Pit Q1, Mine Road Access KDC"
8235158,Non TBC,Jalan keluar parkiran change shift licin pasca hujan,(B PMO) Pit Q1,Change Shift KDC,"(B PMO) Pit Q1, Change Shift KDC","[DESKRIPSI]: Jalan keluar parkiran change shift licin pasca hujan [LOKASI]: (B PMO) Pit Q1, Change Shift KDC"
8241412,Non TBC,Tumpukan Tali yang berada di atas deck,Transhipment Point,DSL 01,"Transhipment Point, DSL 01","[DESKRIPSI]: Tumpukan Tali yang berada di atas deck [LOKASI]: Transhipment Point, DSL 01"
8240700,Non TBC,Rantai dapra berkarat,Barge,BG RMN 393,"Barge, BG RMN 393","[DESKRIPSI]: Rantai dapra berkarat [LOKASI]: Barge, BG RMN 393"
8240162,Non TBC,cctv offline,(B PMO) Project,Project Underpass BC PMO,"(B PMO) Project, Project Underpass BC PMO","[DESKRIPSI]: cctv offline [LOKASI]: (B PMO) Project, Project Underpass BC PMO"
8238540,Non TBC,Sampah kertas berserakan,Project Rehandling Soil OPP,Front Loading,"Project Rehandling Soil OPP, Front Loading","[DESKRIPSI]: Sampah kertas berserakan [LOKASI]: Project Rehandling Soil OPP, Front Loading"
8238309,Non TBC,terdapat ceceran oli di lantai workshop setelah perbaikan,Workshop,Workshop MIJ,Workshop MIJ,[DESKRIPSI]: terdapat ceceran oli di lantai workshop setelah perbaikan [LOKASI]: Workshop MIJ
8237402,Non TBC,Lampu salong di temukan belum di matikan,Towing Tug,TB KSA 33,"Towing Tug, TB KSA 33","[DESKRIPSI]: Lampu salong di temukan belum di matikan [LOKASI]: Towing Tug, TB KSA 33"
8235783,Non TBC,Fire alarm control panel tidak tertutup,Towing Tug,TB KSA 100,"Towing Tug, TB KSA 100","[DESKRIPSI]: Fire alarm control panel tidak tertutup [LOKASI]: Towing Tug, TB KSA 100"
8235760,Non TBC,Menyimpan radio HT bukan pada tempatnya,Towing Tug,TB KSA 100,"Towing Tug, TB KSA 100","[DESKRIPSI]: Menyimpan radio HT bukan pada tempatnya [LOKASI]: Towing Tug, TB KSA 100"
8235132,Non TBC,Undulating arah front,Project Diversion Selatan BAR,Front Loading Bukit Kaca BAR,"Project Diversion Selatan BAR, Front Loading Bukit Kaca BAR","[DESKRIPSI]: Undulating arah front [LOKASI]: Project Diversion Selatan BAR, Front Loading Bukit Kaca BAR"
8234764,Non TBC,Ganjal ban kurang rapat,Main Workshop Pama,Bays 1 (Wheel),"Main Workshop Pama, Bays 1 (Wheel)","[DESKRIPSI]: Ganjal ban kurang rapat [LOKASI]: Main Workshop Pama, Bays 1 (Wheel)"
8241188,Non TBC,Lupa menutup tempat panel lampu navigasi,Towing Tug,TB KSA 100,"Towing Tug, TB KSA 100","[DESKRIPSI]: Lupa menutup tempat panel lampu navigasi [LOKASI]: Towing Tug, TB KSA 100"
8240918,Non TBC,Service tag belum terpasang pada oht 331 bd.,(B PMO) Workshop,Workshop Temporary KDC,"(B PMO) Workshop, Workshop Temporary KDC","[DESKRIPSI]: Service tag belum terpasang pada oht 331 bd. [LOKASI]: (B PMO) Workshop, Workshop Temporary KDC"
8239857,Non TBC,Jalan pit k undulating,Project Diversion Selatan PAMA,Front Dumping Disposal PAMA,"Project Diversion Selatan PAMA, Front Dumping Disposal PAMA","[DESKRIPSI]: Jalan pit k undulating [LOKASI]: Project Diversion Selatan PAMA, Front Dumping Disposal PAMA"
8239427,Non TBC,Inspeksi APD tidak diletakkan pada tempatnya,Office BUMA,Office Suaran KM 19 BUMA,"Office BUMA, Office Suaran KM 19 BUMA","[DESKRIPSI]: Inspeksi APD tidak diletakkan pada tempatnya [LOKASI]: Office BUMA, Office Suaran KM 19 BUMA"
8238117,Non TBC,AC belum dimatikan,Office Plant Pama,Infrastruktur Office Plant PAMA,Infrastruktur Office Plant PAMA,[DESKRIPSI]: AC belum dimatikan [LOKASI]: Infrastruktur Office Plant PAMA
8235654,Non TBC,OPERATOR TR 3285 TERPANTAU CLOSE EYE,Lokasi by DMS,Detail Lokasi by DMS,Detail Lokasi by DMS,[DESKRIPSI]: OPERATOR TR 3285 TERPANTAU CLOSE EYE [LOKASI]: Detail Lokasi by DMS
8235273,Non TBC,Radio mati,Project Diversion Selatan,Stage 1 Project Road Diversion,"Project Diversion Selatan, Stage 1 Project Road Diversion","[DESKRIPSI]: Radio mati [LOKASI]: Project Diversion Selatan, Stage 1 Project Road Diversion"
8241292,Non TBC,Kondisi berkabut,Workshop MTL KM 1,Halaman & Parkiran Workshop MTL,"Workshop MTL KM 1, Halaman & Parkiran Workshop MTL","[DESKRIPSI]: Kondisi berkabut [LOKASI]: Workshop MTL KM 1, Halaman & Parkiran Workshop MTL"
8238819,Non TBC,sampah menumpuk potensi mengundang tikus dan ular,(B8) Container big Digger,Office,"(B8) Container big Digger, Office","[DESKRIPSI]: sampah menumpuk potensi mengundang tikus dan ular [LOKASI]: (B8) Container big Digger, Office"
8238546,Non TBC,Blender belum di tagging,Dapur PAMA/ARCO,Area Dapur,"Dapur PAMA/ARCO, Area Dapur","[DESKRIPSI]: Blender belum di tagging [LOKASI]: Dapur PAMA/ARCO, Area Dapur"
8236800,Non TBC,Baut V-Floug CV50 lepas 1 potensi merobek belting,CPP Suaran,CPP Suaran (SIB),CPP Suaran (SIB),[DESKRIPSI]: Baut V-Floug CV50 lepas 1 potensi merobek belting [LOKASI]: CPP Suaran (SIB)
8236680,Non TBC,Log book deck tidak berada pada tempat nya,Towing Tug,TB KSA 97,"Towing Tug, TB KSA 97","[DESKRIPSI]: Log book deck tidak berada pada tempat nya [LOKASI]: Towing Tug, TB KSA 97"
8235240,Non TBC,Front suspensi Rh drop C9033,Pit Stop Hauler T6,Area Perbaikan Unit,"Pit Stop Hauler T6, Area Perbaikan Unit","[DESKRIPSI]: Front suspensi Rh drop C9033 [LOKASI]: Pit Stop Hauler T6, Area Perbaikan Unit"
8235054,Non TBC,Kondisi jalan masuk front loading BMC 114 undulating,(B8) Pit J,Front Loading Coal,"(B8) Pit J, Front Loading Coal","[DESKRIPSI]: Kondisi jalan masuk front loading BMC 114 undulating [LOKASI]: (B8) Pit J, Front Loading Coal"
8234847,Non TBC,Debu mulai tebal arah jalan Ubud,(B8) Road Management,Jln. Ubud,"(B8) Road Management, Jln. Ubud","[DESKRIPSI]: Debu mulai tebal arah jalan Ubud [LOKASI]: (B8) Road Management, Jln. Ubud"
6830794,Non TBC,Terdapat cecera batu bara di pinggir tongkang,,,,[DESKRIPSI]: Terdapat cecera batu bara di pinggir tongkang
7271675,Non TBC,Terdapat benda didepan pintu ruang administrasi warehouse,,,,[DESKRIPSI]: Terdapat benda didepan pintu ruang administrasi warehouse
8241592,Non TBC,gerinda tidak di simpan pada tempatnya,Towing Tug,TB KSA 105,"Towing Tug, TB KSA 105","[DESKRIPSI]: gerinda tidak di simpan pada tempatnya [LOKASI]: Towing Tug, TB KSA 105"
8240168,Non TBC,sampah tidak di hausekeeping,(B PMO) Project,Project Underpass BC PMO,"(B PMO) Project, Project Underpass BC PMO","[DESKRIPSI]: sampah tidak di hausekeeping [LOKASI]: (B PMO) Project, Project Underpass BC PMO"
8240089,Non TBC,area kerja tidak dibersihkan,(B PMO) Project,Project Underpass BC PMO,"(B PMO) Project, Project Underpass BC PMO","[DESKRIPSI]: area kerja tidak dibersihkan [LOKASI]: (B PMO) Project, Project Underpass BC PMO"
8239888,Non TBC,Terdapat clamp air Cleaner tidak terpasang,Void,Embung KM 5.500,"Void, Embung KM 5.500","[DESKRIPSI]: Terdapat clamp air Cleaner tidak terpasang [LOKASI]: Void, Embung KM 5.500"
8239424,Non TBC,Barang barang tidak tersusun rapi,Assist Tug Transhipment,DSL 03,"Assist Tug Transhipment, DSL 03","[DESKRIPSI]: Barang barang tidak tersusun rapi [LOKASI]: Assist Tug Transhipment, DSL 03"
8239223,Non TBC,Ringbouy ditongkang tidak dilengkapi tali,Towing Tug,TB BERAU 22,"Towing Tug, TB BERAU 22","[DESKRIPSI]: Ringbouy ditongkang tidak dilengkapi tali [LOKASI]: Towing Tug, TB BERAU 22"
8239114,Non TBC,Cat draft belakang tongkang haluan kiri mulai pudar,Towing Tug,TB KSA 125,"Towing Tug, TB KSA 125","[DESKRIPSI]: Cat draft belakang tongkang haluan kiri mulai pudar [LOKASI]: Towing Tug, TB KSA 125"
8238502,Non TBC,Jalan houling berdebu,Coal Hauling Road,Red Zone Jl.Barokah Km 9.500-9.650,"Coal Hauling Road, Red Zone Jl.Barokah Km 9.500-9.650","[DESKRIPSI]: Jalan houling berdebu [LOKASI]: Coal Hauling Road, Red Zone Jl.Barokah Km 9.500-9.650"
8236464,Non TBC,Genangan air dan spoil tebal di jalan pagaruyun seg 3,Project Rehandling Soil OPP,Jalan,"Project Rehandling Soil OPP, Jalan","[DESKRIPSI]: Genangan air dan spoil tebal di jalan pagaruyun seg 3 [LOKASI]: Project Rehandling Soil OPP, Jalan"
8235149,Non TBC,Undulating arah disposal,Project Diversion Selatan BAR,Front Loading Bukit Kaca BAR,"Project Diversion Selatan BAR, Front Loading Bukit Kaca BAR","[DESKRIPSI]: Undulating arah disposal [LOKASI]: Project Diversion Selatan BAR, Front Loading Bukit Kaca BAR"
8235123,Non TBC,Atas nama Herman belum cek tensi awal shift,Pit C2H,[C2H] Parking Area / HSSC,"Pit C2H, [C2H] Parking Area / HSSC","[DESKRIPSI]: Atas nama Herman belum cek tensi awal shift [LOKASI]: Pit C2H, [C2H] Parking Area / HSSC"
8235117,Non TBC,Atas nama Sudadi belum cek tensi awal shift,Pit C2H,[C2H] Parking Area / HSSC,"Pit C2H, [C2H] Parking Area / HSSC","[DESKRIPSI]: Atas nama Sudadi belum cek tensi awal shift [LOKASI]: Pit C2H, [C2H] Parking Area / HSSC"
8240856,Non TBC,Jalan undulating dalam,Pit West,Akses Mine Road,"Pit West, Akses Mine Road","[DESKRIPSI]: Jalan undulating dalam [LOKASI]: Pit West, Akses Mine Road"
8237014,Non TBC,Sampah belum dibuang,Aktivitas Area High Risk,Project Mess Multi Ardecon,"Aktivitas Area High Risk, Project Mess Multi Ardecon","[DESKRIPSI]: Sampah belum dibuang [LOKASI]: Aktivitas Area High Risk, Project Mess Multi Ardecon"
8236546,Non TBC,Cat berhamburan tidak berada pada tempat nya,Towing Tug,TB KSA 97,"Towing Tug, TB KSA 97","[DESKRIPSI]: Cat berhamburan tidak berada pada tempat nya [LOKASI]: Towing Tug, TB KSA 97"
8236367,Non TBC,Genangan air di Lantai bays,Main Workshop Pama,Bays 2 (Track),"Main Workshop Pama, Bays 2 (Track)","[DESKRIPSI]: Genangan air di Lantai bays [LOKASI]: Main Workshop Pama, Bays 2 (Track)"
8235617,Non TBC,Tabung LPG belum di inspeksi,Workshop Fabrikasi BUMA KM 7,Bays Rapair,"Workshop Fabrikasi BUMA KM 7, Bays Rapair","[DESKRIPSI]: Tabung LPG belum di inspeksi [LOKASI]: Workshop Fabrikasi BUMA KM 7, Bays Rapair"
8235331,Non TBC,Front loading undulating,Pit West,Front Loading,"Pit West, Front Loading","[DESKRIPSI]: Front loading undulating [LOKASI]: Pit West, Front Loading"
7315941,Non TBC,Terdapat unit DTH-027 Breakdown di area parkiran Beaching Point belum ada service tag,,,,[DESKRIPSI]: Terdapat unit DTH-027 Breakdown di area parkiran Beaching Point belum ada service tag
8240598,Non TBC,Batu bara tumpah,CPP Binungan,TLC CPP Bin BC,"CPP Binungan, TLC CPP Bin BC","[DESKRIPSI]: Batu bara tumpah [LOKASI]: CPP Binungan, TLC CPP Bin BC"
8239244,Non TBC,"Safety line terlepas, segera pasang kembali",(B8) Civil Project,Pembangunan Bandara ME J,"(B8) Civil Project, Pembangunan Bandara ME J","[DESKRIPSI]: Safety line terlepas, segera pasang kembali [LOKASI]: (B8) Civil Project, Pembangunan Bandara ME J"
8239036,Non TBC,Jalan simpang keluar dari Front Loading EX 1260 belum ada rambu STOP,Pit East 1,Front loading OB,"Pit East 1, Front loading OB","[DESKRIPSI]: Jalan simpang keluar dari Front Loading EX 1260 belum ada rambu STOP [LOKASI]: Pit East 1, Front loading OB"
8238623,Non TBC,Sarung tangan safety tidak disimpan dengan baik,EKSPLORASI LATI,AREA AKTIFITAS SURVEY,"EKSPLORASI LATI, AREA AKTIFITAS SURVEY","[DESKRIPSI]: Sarung tangan safety tidak disimpan dengan baik [LOKASI]: EKSPLORASI LATI, AREA AKTIFITAS SURVEY"
8236025,Non TBC,Posisi lampu terlalu ke atas,Project Rehandling Soil OPP,Front Loading,"Project Rehandling Soil OPP, Front Loading","[DESKRIPSI]: Posisi lampu terlalu ke atas [LOKASI]: Project Rehandling Soil OPP, Front Loading"
8234951,Non TBC,Unit tidak di cuci dengan bersih,Main Workshop Pama,Bays 2 (Track),"Main Workshop Pama, Bays 2 (Track)","[DESKRIPSI]: Unit tidak di cuci dengan bersih [LOKASI]: Main Workshop Pama, Bays 2 (Track)"
8234856,Non TBC,Kondisi jalan mengarah front loading MIJ 184 undulating,(B8) Pit J,Front Loading Coal,"(B8) Pit J, Front Loading Coal","[DESKRIPSI]: Kondisi jalan mengarah front loading MIJ 184 undulating [LOKASI]: (B8) Pit J, Front Loading Coal"
8239189,Non TBC,Pemasangan ganjal tidak tepat,Main Workshop Pama,Bays 1 (Wheel),"Main Workshop Pama, Bays 1 (Wheel)","[DESKRIPSI]: Pemasangan ganjal tidak tepat [LOKASI]: Main Workshop Pama, Bays 1 (Wheel)"
8238218,Non TBC,Kunci kunci tidk di kembalikan pada tempatnya,Towing Tug,TB KSA 101,"Towing Tug, TB KSA 101","[DESKRIPSI]: Kunci kunci tidk di kembalikan pada tempatnya [LOKASI]: Towing Tug, TB KSA 101"
8236622,Non TBC,Genset Towerlamp 192 belum di lengkapi dengan APAR,ROM Central,Parkiran Unit,"ROM Central, Parkiran Unit","[DESKRIPSI]: Genset Towerlamp 192 belum di lengkapi dengan APAR [LOKASI]: ROM Central, Parkiran Unit"
8235060,Non TBC,Tinggi bundwall tidak standar,Pit EFG,Front Dumping PAMA,"Pit EFG, Front Dumping PAMA","[DESKRIPSI]: Tinggi bundwall tidak standar [LOKASI]: Pit EFG, Front Dumping PAMA"
6686012,4. Posisi Pekerja pada Area Tidak aman/Tidak Sesuai Prosedur,Mekanik tidak menggunakan tangga saat naik turun unit,,,,[DESKRIPSI]: Mekanik tidak menggunakan tangga saat naik turun unit
8210588,7. LOTO,Saat akan melakukan perbaikan di unit DZ103 kondisi box LOTO sudah rusak sehingga LOTO yang dipasang tidak sesuai dengan fungsinya atau isolasi tidak berfungsi karena sumber energi masih bisa diaktifkan tanpa harus membuka LOTO yg sudah terpasang.,Pit SE2,Front Loading,"Pit SE2, Front Loading","[DESKRIPSI]: Saat akan melakukan perbaikan di unit DZ103 kondisi box LOTO sudah rusak sehingga LOTO yang dipasang tidak sesuai dengan fungsinya atau isolasi tidak berfungsi karena sumber energi masih bisa diaktifkan tanpa harus membuka LOTO yg sudah terpasang. [LOKASI]: Pit SE2, Front Loading"
8239701,Non TBC,Tumpahan batu bara,CPP Binungan,TLC CPP Bin BC,"CPP Binungan, TLC CPP Bin BC","[DESKRIPSI]: Tumpahan batu bara [LOKASI]: CPP Binungan, TLC CPP Bin BC"
8238911,Non TBC,(IT) lampu mayang mati pm 107,(B8) Infrastucture Tambang,Office Champion,"(B8) Infrastucture Tambang, Office Champion","[DESKRIPSI]: (IT) lampu mayang mati pm 107 [LOKASI]: (B8) Infrastucture Tambang, Office Champion"
8238906,Non TBC,(IT) lampu mayang PM 130 mati,(B8) Infrastucture Tambang,Office Champion,"(B8) Infrastucture Tambang, Office Champion","[DESKRIPSI]: (IT) lampu mayang PM 130 mati [LOKASI]: (B8) Infrastucture Tambang, Office Champion"
8235588,Non TBC,Komunikasi tdk sampai karna crowded,(B8) Road Management,Jln. Komodo,"(B8) Road Management, Jln. Komodo","[DESKRIPSI]: Komunikasi tdk sampai karna crowded [LOKASI]: (B8) Road Management, Jln. Komodo"
8240570,Non TBC,Jalan masuk front undulating,Pit West,Front Loading,"Pit West, Front Loading","[DESKRIPSI]: Jalan masuk front undulating [LOKASI]: Pit West, Front Loading"
8240345,Non TBC,Cutting edge aus,Aktivitas Area High Risk,IBDW Area Pit L East/Timur PAMA,"Aktivitas Area High Risk, IBDW Area Pit L East/Timur PAMA","[DESKRIPSI]: Cutting edge aus [LOKASI]: Aktivitas Area High Risk, IBDW Area Pit L East/Timur PAMA"
8240249,Non TBC,Belum ada rambu di persimpangan disposal,Project Diversion Selatan PAMA,Front Dumping Disposal PAMA,"Project Diversion Selatan PAMA, Front Dumping Disposal PAMA","[DESKRIPSI]: Belum ada rambu di persimpangan disposal [LOKASI]: Project Diversion Selatan PAMA, Front Dumping Disposal PAMA"
8239860,Non TBC,Jalan disposal pit k berlubang,Project Diversion Selatan PAMA,Front Dumping Disposal PAMA,"Project Diversion Selatan PAMA, Front Dumping Disposal PAMA","[DESKRIPSI]: Jalan disposal pit k berlubang [LOKASI]: Project Diversion Selatan PAMA, Front Dumping Disposal PAMA"
8239025,Non TBC,Sampah wadah non organik sudah penuh,(B PMO) Warehouse,(B PMO) Warehouse KDC,(B PMO) Warehouse KDC,[DESKRIPSI]: Sampah wadah non organik sudah penuh [LOKASI]: (B PMO) Warehouse KDC
8238816,Non TBC,Akses jalan menuju ketitik belum ada Aksesnya,EKSPLORASI BINUNGAN 10,AREA PENGEBORAN - RIG MB 39,"EKSPLORASI BINUNGAN 10, AREA PENGEBORAN - RIG MB 39","[DESKRIPSI]: Akses jalan menuju ketitik belum ada Aksesnya [LOKASI]: EKSPLORASI BINUNGAN 10, AREA PENGEBORAN - RIG MB 39"
8238014,5. Deviasi Loading/Dumping,Disposal ipdl limiter belum update,Pit SE2,Disposal,"Pit SE2, Disposal","[DESKRIPSI]: Disposal ipdl limiter belum update [LOKASI]: Pit SE2, Disposal"
8237011,Non TBC,Terdapat jalan berlubang di area mess,Aktivitas Area High Risk,Project Mess Multi Ardecon,"Aktivitas Area High Risk, Project Mess Multi Ardecon","[DESKRIPSI]: Terdapat jalan berlubang di area mess [LOKASI]: Aktivitas Area High Risk, Project Mess Multi Ardecon"
8236793,5. Deviasi Loading/Dumping,Dump limiter belum terupdate,Pit West,Front Dumping,"Pit West, Front Dumping","[DESKRIPSI]: Dump limiter belum terupdate [LOKASI]: Pit West, Front Dumping"
8236484,5. Deviasi Loading/Dumping,Dumping limiter belum update,Pit West,Front Dumping,"Pit West, Front Dumping","[DESKRIPSI]: Dumping limiter belum update [LOKASI]: Pit West, Front Dumping"
8236120,5. Deviasi Loading/Dumping,Dumping limiter belum di update,(B8) Pit Z,Disposal,"(B8) Pit Z, Disposal","[DESKRIPSI]: Dumping limiter belum di update [LOKASI]: (B8) Pit Z, Disposal"
8236060,Non TBC,Isolator kabel rusak potensi short,Office Plant Pama,Infrastruktur Office Plant PAMA,Infrastruktur Office Plant PAMA,[DESKRIPSI]: Isolator kabel rusak potensi short [LOKASI]: Infrastruktur Office Plant PAMA
8234931,Non TBC,Unit wl bd. Terparkir di ws belum terpasang ganjal.,(B PMO) Workshop,Workshop Temporary KDC,"(B PMO) Workshop, Workshop Temporary KDC","[DESKRIPSI]: Unit wl bd. Terparkir di ws belum terpasang ganjal. [LOKASI]: (B PMO) Workshop, Workshop Temporary KDC"
8234867,Non TBC,Unit breakdown tanpa ganjal ban,Workshop Fabrikasi Pama,Bays Fabrikasi,"Workshop Fabrikasi Pama, Bays Fabrikasi","[DESKRIPSI]: Unit breakdown tanpa ganjal ban [LOKASI]: Workshop Fabrikasi Pama, Bays Fabrikasi"
6713556,5. Deviasi Loading/Dumping,Dumping limiter disposal Efg belum di update,,,,[DESKRIPSI]: Dumping limiter disposal Efg belum di update
8240179,Non TBC,Kondiai jalan menuju front loading ex 113 seam H undulating,(B8) Pit J,Front Loading Coal,"(B8) Pit J, Front Loading Coal","[DESKRIPSI]: Kondiai jalan menuju front loading ex 113 seam H undulating [LOKASI]: (B8) Pit J, Front Loading Coal"
8239541,Non TBC,Tumpahan depan hopper CR 13,CPP Binungan,Crusher CPP Bin BC,"CPP Binungan, Crusher CPP Bin BC","[DESKRIPSI]: Tumpahan depan hopper CR 13 [LOKASI]: CPP Binungan, Crusher CPP Bin BC"
8236957,Non TBC,Menggunakan rompi safety dengan resleting belum dipasang dengan benar,(B8) Pit CD,Front Loading OB,"(B8) Pit CD, Front Loading OB","[DESKRIPSI]: Menggunakan rompi safety dengan resleting belum dipasang dengan benar [LOKASI]: (B8) Pit CD, Front Loading OB"
8236867,Non TBC,terdapat jalan undulating di area manuver unit hauler di area rom 3,(B PMO) ROM,ROM 3 KDC,"(B PMO) ROM, ROM 3 KDC","[DESKRIPSI]: terdapat jalan undulating di area manuver unit hauler di area rom 3 [LOKASI]: (B PMO) ROM, ROM 3 KDC"
8235720,Non TBC,Terdapat sampah kotak makanan di penempatan helm tidak higienis,Warehouse Altrak,Penempatan Spare Part,"Warehouse Altrak, Penempatan Spare Part","[DESKRIPSI]: Terdapat sampah kotak makanan di penempatan helm tidak higienis [LOKASI]: Warehouse Altrak, Penempatan Spare Part"
8235242,Non TBC,tumpahan oli dapat mengakibatkan lantai licin,Assist Tug Sungai,TB TENANG 1602,"Assist Tug Sungai, TB TENANG 1602","[DESKRIPSI]: tumpahan oli dapat mengakibatkan lantai licin [LOKASI]: Assist Tug Sungai, TB TENANG 1602"
8234779,Non TBC,Lampu kerja atas cabin unit ex3954 mati,(B PMO) Pit Q1,Pit Stop A2B Q1 KDC,"(B PMO) Pit Q1, Pit Stop A2B Q1 KDC","[DESKRIPSI]: Lampu kerja atas cabin unit ex3954 mati [LOKASI]: (B PMO) Pit Q1, Pit Stop A2B Q1 KDC"
8241363,Non TBC,Apar belum di inspeksi,Coal Hauling,Jalan Rinjani,"Coal Hauling, Jalan Rinjani","[DESKRIPSI]: Apar belum di inspeksi [LOKASI]: Coal Hauling, Jalan Rinjani"
8240642,Non TBC,Pompa Grease kosong sudah tidak bisa ngisap pompa,Floating Crane,CTS Bulk Derawan,"Floating Crane, CTS Bulk Derawan","[DESKRIPSI]: Pompa Grease kosong sudah tidak bisa ngisap pompa [LOKASI]: Floating Crane, CTS Bulk Derawan"
8240459,Non TBC,lampu kerja DT1786 mati sebelah,PIT STOP Pit L,Area Daily Check Maintenance,"PIT STOP Pit L, Area Daily Check Maintenance","[DESKRIPSI]: lampu kerja DT1786 mati sebelah [LOKASI]: PIT STOP Pit L, Area Daily Check Maintenance"
8238804,Non TBC,Sampah domestik buang ke tempat sampah,(B PMO) Workshop,Workshop Temporary KDC,"(B PMO) Workshop, Workshop Temporary KDC","[DESKRIPSI]: Sampah domestik buang ke tempat sampah [LOKASI]: (B PMO) Workshop, Workshop Temporary KDC"
8238799,Non TBC,Sampah domestik Buang ke tempat sampah,(B PMO) Workshop,Workshop Temporary KDC,"(B PMO) Workshop, Workshop Temporary KDC","[DESKRIPSI]: Sampah domestik Buang ke tempat sampah [LOKASI]: (B PMO) Workshop, Workshop Temporary KDC"
8238012,Non TBC,TBC lubang berlumpur,Area Kritis,[C2HS] DRILL BLAST,"Area Kritis, [C2HS] DRILL BLAST","[DESKRIPSI]: TBC lubang berlumpur [LOKASI]: Area Kritis, [C2HS] DRILL BLAST"
8237170,Non TBC,Sampah penuh belum dibuang,Change shift Barokah LD/DT,Akses Jalan Change Shift,"Change shift Barokah LD/DT, Akses Jalan Change Shift","[DESKRIPSI]: Sampah penuh belum dibuang [LOKASI]: Change shift Barokah LD/DT, Akses Jalan Change Shift"
8235573,Non TBC,jalan menuju disposal maratua lembek pasca hujan potensi unit amblas,(B8) Road Management,Jln Maratua,"(B8) Road Management, Jln Maratua","[DESKRIPSI]: jalan menuju disposal maratua lembek pasca hujan potensi unit amblas [LOKASI]: (B8) Road Management, Jln Maratua"
8234938,Non TBC,Kip apar wll 01 belum diupdate dan rusak,(B PMO) Workshop,Workshop Temporary KDC,"(B PMO) Workshop, Workshop Temporary KDC","[DESKRIPSI]: Kip apar wll 01 belum diupdate dan rusak [LOKASI]: (B PMO) Workshop, Workshop Temporary KDC"
8234935,Non TBC,Kip apar wll 01 rusak dan belum diupdate,(B PMO) Workshop,Workshop Temporary KDC,"(B PMO) Workshop, Workshop Temporary KDC","[DESKRIPSI]: Kip apar wll 01 rusak dan belum diupdate [LOKASI]: (B PMO) Workshop, Workshop Temporary KDC"
8241265,Non TBC,Tumpahan batubara,(BUMA) Pos Pengawas,Pos Pengawas KM 28 BUMA,"(BUMA) Pos Pengawas, Pos Pengawas KM 28 BUMA","[DESKRIPSI]: Tumpahan batubara [LOKASI]: (BUMA) Pos Pengawas, Pos Pengawas KM 28 BUMA"
8240931,Non TBC,Sampah di Cs LD belum diangkut,Road Management,Jalan Ikhlas,"Road Management, Jalan Ikhlas","[DESKRIPSI]: Sampah di Cs LD belum diangkut [LOKASI]: Road Management, Jalan Ikhlas"
8240653,Non TBC,sekop yang rusak dan tidak layak pakai,Floating Crane,CTS Bulk Derawan,"Floating Crane, CTS Bulk Derawan","[DESKRIPSI]: sekop yang rusak dan tidak layak pakai [LOKASI]: Floating Crane, CTS Bulk Derawan"
8239493,Non TBC,Ada tumpahan batu bara,CPP Binungan,TLC CPP Bin BC,"CPP Binungan, TLC CPP Bin BC","[DESKRIPSI]: Ada tumpahan batu bara [LOKASI]: CPP Binungan, TLC CPP Bin BC"
8238519,Non TBC,Kondisi jalan undulating di akses masuk opd west,Area Kritis,[C2HU] LOADING SOIL DI OPD WEST,"Area Kritis, [C2HU] LOADING SOIL DI OPD WEST","[DESKRIPSI]: Kondisi jalan undulating di akses masuk opd west [LOKASI]: Area Kritis, [C2HU] LOADING SOIL DI OPD WEST"
8237278,Non TBC,terdapat undulating pada jalan area front loading,Project Rehandling Soil OPP,Front Loading,"Project Rehandling Soil OPP, Front Loading","[DESKRIPSI]: terdapat undulating pada jalan area front loading [LOKASI]: Project Rehandling Soil OPP, Front Loading"
8235229,Non TBC,Tumpukan batubara di area tripper,Floating Crane,FLF Ocean Flow,"Floating Crane, FLF Ocean Flow","[DESKRIPSI]: Tumpukan batubara di area tripper [LOKASI]: Floating Crane, FLF Ocean Flow"
7224358,5. Deviasi Loading/Dumping,tidak ada digging limit berpotensi overcut #tbc,,,,[DESKRIPSI]: tidak ada digging limit berpotensi overcut #tbc
8241126,Non TBC,Dumping tumpuk tumpuk,Handling Soil East KDC,Dumping Stocksoil East KDC,"Handling Soil East KDC, Dumping Stocksoil East KDC","[DESKRIPSI]: Dumping tumpuk tumpuk [LOKASI]: Handling Soil East KDC, Dumping Stocksoil East KDC"
8241068,Non TBC,Lampu penerangan tidak di matikan di siang hari,Towing Tug,TB KSA 104,"Towing Tug, TB KSA 104","[DESKRIPSI]: Lampu penerangan tidak di matikan di siang hari [LOKASI]: Towing Tug, TB KSA 104"
8239237,Non TBC,"Label tempat sampah terlepas
",Towing Tug,TB KSA 73,"Towing Tug, TB KSA 73","[DESKRIPSI]: Label tempat sampah terlepas [LOKASI]: Towing Tug, TB KSA 73"
8238781,Non TBC,Tidak ada Patok retro,Project Diversion Selatan BAR,Akses Road,"Project Diversion Selatan BAR, Akses Road","[DESKRIPSI]: Tidak ada Patok retro [LOKASI]: Project Diversion Selatan BAR, Akses Road"
8238672,5. Deviasi Loading/Dumping,Dumping limiter belum update,Pit East 1,Akses Mine Road,"Pit East 1, Akses Mine Road","[DESKRIPSI]: Dumping limiter belum update [LOKASI]: Pit East 1, Akses Mine Road"
8238292,Non TBC,"Jalan agatis berdebu,butuh penyiraman",(B PMO) Hauling Road,Jalan Hauling Agatis KDC,"(B PMO) Hauling Road, Jalan Hauling Agatis KDC","[DESKRIPSI]: Jalan agatis berdebu,butuh penyiraman [LOKASI]: (B PMO) Hauling Road, Jalan Hauling Agatis KDC"
8238100,Non TBC,Jln berlubang,Office BC,Office BC,Office BC,[DESKRIPSI]: Jln berlubang [LOKASI]: Office BC
8237446,Non TBC,Tool tidak dikembalikan ketempatnya,Main Workshop Pama,Bays 2 (Track),"Main Workshop Pama, Bays 2 (Track)","[DESKRIPSI]: Tool tidak dikembalikan ketempatnya [LOKASI]: Main Workshop Pama, Bays 2 (Track)"
8236198,Non TBC,Front undulating,(B8) Pit C2,Front Loading Coal,"(B8) Pit C2, Front Loading Coal","[DESKRIPSI]: Front undulating [LOKASI]: (B8) Pit C2, Front Loading Coal"
8235057,Non TBC,Tta jalan undulating lembek,(B8) Pit J,Disposal,"(B8) Pit J, Disposal","[DESKRIPSI]: Tta jalan undulating lembek [LOKASI]: (B8) Pit J, Disposal"
8238219,Non TBC,SLM blm dilakukan inspeksi,(B PMO) Office,Office KDC,"(B PMO) Office, Office KDC","[DESKRIPSI]: SLM blm dilakukan inspeksi [LOKASI]: (B PMO) Office, Office KDC"
8241374,Non TBC,Ditemukan tools tidak layak,Office PT KDC,Akses dan Infrastruktur Office KDC,"Office PT KDC, Akses dan Infrastruktur Office KDC","[DESKRIPSI]: Ditemukan tools tidak layak [LOKASI]: Office PT KDC, Akses dan Infrastruktur Office KDC"
8241369,Non TBC,Apar TPS belum di inspeksi,Coal Hauling,Jalan Rinjani,"Coal Hauling, Jalan Rinjani","[DESKRIPSI]: Apar TPS belum di inspeksi [LOKASI]: Coal Hauling, Jalan Rinjani"
8239923,Non TBC,Safety line lepas,(B8) Area Kritis Blok 8,(B8) Drill & Blast,"(B8) Area Kritis Blok 8, (B8) Drill & Blast","[DESKRIPSI]: Safety line lepas [LOKASI]: (B8) Area Kritis Blok 8, (B8) Drill & Blast"
8239263,Non TBC,Lubang ledak belum disounding,(B8) Road Management,Jln. Anyer,"(B8) Road Management, Jln. Anyer","[DESKRIPSI]: Lubang ledak belum disounding [LOKASI]: (B8) Road Management, Jln. Anyer"
8238905,Non TBC,Terdapat palu yg sdh menjamur kepalanya,Main Workshop Pama,Area Parkiran Unit,"Main Workshop Pama, Area Parkiran Unit","[DESKRIPSI]: Terdapat palu yg sdh menjamur kepalanya [LOKASI]: Main Workshop Pama, Area Parkiran Unit"
8238523,Non TBC,Cutting wheel limit,Plant Road Management MTL,Batching Plant,"Plant Road Management MTL, Batching Plant","[DESKRIPSI]: Cutting wheel limit [LOKASI]: Plant Road Management MTL, Batching Plant"
8238520,Non TBC,Safety helmet tidak di simpan pada tempatnya,Towing Tug,TB PANCARAN 215,"Towing Tug, TB PANCARAN 215","[DESKRIPSI]: Safety helmet tidak di simpan pada tempatnya [LOKASI]: Towing Tug, TB PANCARAN 215"
8237887,Non TBC,"Kabel tidak terbungkus rapi bahaya kesetrum 
TBC",Aktivitas Area High Risk,IKDW Stage 4 KDC,"Aktivitas Area High Risk, IKDW Stage 4 KDC","[DESKRIPSI]: Kabel tidak terbungkus rapi bahaya kesetrum TBC [LOKASI]: Aktivitas Area High Risk, IKDW Stage 4 KDC"
8235071,Non TBC,Grizzly tersumbat,Coal Crushing Plant (CPP),Akses Jalan area CPP,"Coal Crushing Plant (CPP), Akses Jalan area CPP","[DESKRIPSI]: Grizzly tersumbat [LOKASI]: Coal Crushing Plant (CPP), Akses Jalan area CPP"
8234903,Non TBC,Penem0atan barang tdk ada demarkasi dan rawan terjatuh menimpa orang,Warehouse Workshop Pama,Warehouse PAMA,"Warehouse Workshop Pama, Warehouse PAMA","[DESKRIPSI]: Penem0atan barang tdk ada demarkasi dan rawan terjatuh menimpa orang [LOKASI]: Warehouse Workshop Pama, Warehouse PAMA"
7316601,5. Deviasi Loading/Dumping,Dumping tumpuk-tumpuk (freedump) diarea disposal buttrest,,,,[DESKRIPSI]: Dumping tumpuk-tumpuk (freedump) diarea disposal buttrest
8239621,Non TBC,Kipas angin belum dilakukan inspeksi,(B8) Warehouse PAMA,Area Stock / Spare Part,"(B8) Warehouse PAMA, Area Stock / Spare Part","[DESKRIPSI]: Kipas angin belum dilakukan inspeksi [LOKASI]: (B8) Warehouse PAMA, Area Stock / Spare Part"
8238717,Non TBC,Tinggi bundwall tidak standar,Disposal IPD L,Front Dumping Kering,"Disposal IPD L, Front Dumping Kering","[DESKRIPSI]: Tinggi bundwall tidak standar [LOKASI]: Disposal IPD L, Front Dumping Kering"
8238710,Non TBC,Tinggi Bundwall tidak standar,Disposal IPD L,Front Dumping Kering,"Disposal IPD L, Front Dumping Kering","[DESKRIPSI]: Tinggi Bundwall tidak standar [LOKASI]: Disposal IPD L, Front Dumping Kering"
8238149,Non TBC,belum dilakukan inspeksi,Klinik,Klinik PT. MTN 056 SMO,Klinik PT. MTN 056 SMO,[DESKRIPSI]: belum dilakukan inspeksi [LOKASI]: Klinik PT. MTN 056 SMO
8236361,Non TBC,Terdapat rambu arah miring mengarah jatuh mohon perbaikan,(B PMO) Hauling Road,Simpang Papua KDC,"(B PMO) Hauling Road, Simpang Papua KDC","[DESKRIPSI]: Terdapat rambu arah miring mengarah jatuh mohon perbaikan [LOKASI]: (B PMO) Hauling Road, Simpang Papua KDC"
8236062,Non TBC,Tang rusak tidak layak pakai,Office Plant Pama,Infrastruktur Office Plant PAMA,Infrastruktur Office Plant PAMA,[DESKRIPSI]: Tang rusak tidak layak pakai [LOKASI]: Infrastruktur Office Plant PAMA
8235055,5. Deviasi Loading/Dumping,Bendera limiter belum terupdate,Pit EFG,Front Dumping PAMA,"Pit EFG, Front Dumping PAMA","[DESKRIPSI]: Bendera limiter belum terupdate [LOKASI]: Pit EFG, Front Dumping PAMA"
8237667,Non TBC,Form Inspeksi Oil Trap Bulan Februai belum tersedia,(B8) Gudang Handak,Mixing Plant B8,"(B8) Gudang Handak, Mixing Plant B8","[DESKRIPSI]: Form Inspeksi Oil Trap Bulan Februai belum tersedia [LOKASI]: (B8) Gudang Handak, Mixing Plant B8"
8237378,Non TBC,sampah tidak di buang pada tempatnya,Mess,[BUMA] Mess Kalimantan,[BUMA] Mess Kalimantan,[DESKRIPSI]: sampah tidak di buang pada tempatnya [LOKASI]: [BUMA] Mess Kalimantan
8241357,Non TBC,KIP apar belum di update,Pit Stop KM 5 FAD,Parkiran Unit,"Pit Stop KM 5 FAD, Parkiran Unit","[DESKRIPSI]: KIP apar belum di update [LOKASI]: Pit Stop KM 5 FAD, Parkiran Unit"
8240853,14. Technology,wajah operator tidak terpantau jelas oleh kamera DMS,Lokasi by DMS,Detail Lokasi by DMS,Detail Lokasi by DMS,[DESKRIPSI]: wajah operator tidak terpantau jelas oleh kamera DMS [LOKASI]: Detail Lokasi by DMS
8240091,Non TBC,sampah di area kerja tidak di hausekeeping,(B PMO) Project,Project Underpass BC PMO,"(B PMO) Project, Project Underpass BC PMO","[DESKRIPSI]: sampah di area kerja tidak di hausekeeping [LOKASI]: (B PMO) Project, Project Underpass BC PMO"
8240076,Non TBC,sampah di area kerja belum di hausekeeping,(B PMO) Project,Project Underpass BC PMO,"(B PMO) Project, Project Underpass BC PMO","[DESKRIPSI]: sampah di area kerja belum di hausekeeping [LOKASI]: (B PMO) Project, Project Underpass BC PMO"
8239948,Non TBC,Jalan terpantau kering dan debu mulai naik,(B PMO) Hauling Road,Jalan Hauling Agatis KDC,"(B PMO) Hauling Road, Jalan Hauling Agatis KDC","[DESKRIPSI]: Jalan terpantau kering dan debu mulai naik [LOKASI]: (B PMO) Hauling Road, Jalan Hauling Agatis KDC"
8239798,Non TBC,Perbaikan Dz. 375 belum terpasang demarkasi,(B PMO) Pit K1,Change Shift Pit K1 KDC,"(B PMO) Pit K1, Change Shift Pit K1 KDC","[DESKRIPSI]: Perbaikan Dz. 375 belum terpasang demarkasi [LOKASI]: (B PMO) Pit K1, Change Shift Pit K1 KDC"
8239782,Non TBC,Perbaikan DZ. 375 Belum terpasang demarkasi,(B PMO) Pit K1,Change Shift Pit K1 KDC,"(B PMO) Pit K1, Change Shift Pit K1 KDC","[DESKRIPSI]: Perbaikan DZ. 375 Belum terpasang demarkasi [LOKASI]: (B PMO) Pit K1, Change Shift Pit K1 KDC"
8239721,Non TBC,Kurangnya Latihan Keterampilan,(B8) Container big Digger,Yard Komponen,"(B8) Container big Digger, Yard Komponen","[DESKRIPSI]: Kurangnya Latihan Keterampilan [LOKASI]: (B8) Container big Digger, Yard Komponen"
8239065,Non TBC,akses jalan menuju disposal licin pasca hujan,Handling Soil East KDC,Akses Front East Menuju Stocksoil,"Handling Soil East KDC, Akses Front East Menuju Stocksoil","[DESKRIPSI]: akses jalan menuju disposal licin pasca hujan [LOKASI]: Handling Soil East KDC, Akses Front East Menuju Stocksoil"
8238817,Non TBC,Buang sampah ke tempat B3,(B PMO) Workshop,Workshop Temporary KDC,"(B PMO) Workshop, Workshop Temporary KDC","[DESKRIPSI]: Buang sampah ke tempat B3 [LOKASI]: (B PMO) Workshop, Workshop Temporary KDC"
8238705,Non TBC,Jalan andulating,(B8) Road Management,Jln. Malioboro,"(B8) Road Management, Jln. Malioboro","[DESKRIPSI]: Jalan andulating [LOKASI]: (B8) Road Management, Jln. Malioboro"
8237551,Non TBC,Tali tambat tidak dirapikan setelah digunakan,Assist Tug Sungai,TB TENANG 1602,"Assist Tug Sungai, TB TENANG 1602","[DESKRIPSI]: Tali tambat tidak dirapikan setelah digunakan [LOKASI]: Assist Tug Sungai, TB TENANG 1602"
8237024,Non TBC,Ember bukan tempatnya,Towing Tug,TB KSA 105,"Towing Tug, TB KSA 105","[DESKRIPSI]: Ember bukan tempatnya [LOKASI]: Towing Tug, TB KSA 105"
8240689,Non TBC,dus barang tidak ditempatkan ditempatnya,(B8) Infrastucture Tambang,Office Champion,"(B8) Infrastucture Tambang, Office Champion","[DESKRIPSI]: dus barang tidak ditempatkan ditempatnya [LOKASI]: (B8) Infrastucture Tambang, Office Champion"
8240680,Non TBC,gelas tidak disimpan ditempatnya,(B8) Infrastucture Tambang,Office Champion,"(B8) Infrastucture Tambang, Office Champion","[DESKRIPSI]: gelas tidak disimpan ditempatnya [LOKASI]: (B8) Infrastucture Tambang, Office Champion"
8240238,Non TBC,Jalur Front CD tengah undulating,(B8) Pit CD,Front Loading OB,"(B8) Pit CD, Front Loading OB","[DESKRIPSI]: Jalur Front CD tengah undulating [LOKASI]: (B8) Pit CD, Front Loading OB"
8235691,Non TBC,Tanggul sisi utara lokasi bor belum terpasang safety line,(B8) Area Kritis Blok 8,(B8) Drill & Blast,"(B8) Area Kritis Blok 8, (B8) Drill & Blast","[DESKRIPSI]: Tanggul sisi utara lokasi bor belum terpasang safety line [LOKASI]: (B8) Area Kritis Blok 8, (B8) Drill & Blast"
8235611,Non TBC,Ditemukan jalan keluar masuk disposal stock soil undulating,(B PMO) Pit Q1,Disposal Stock Soil KDC,"(B PMO) Pit Q1, Disposal Stock Soil KDC","[DESKRIPSI]: Ditemukan jalan keluar masuk disposal stock soil undulating [LOKASI]: (B PMO) Pit Q1, Disposal Stock Soil KDC"
8235276,Non TBC,Tanggul tidak standart,Disposal OPDW Extend,Akses Area Front Dumping,"Disposal OPDW Extend, Akses Area Front Dumping","[DESKRIPSI]: Tanggul tidak standart [LOKASI]: Disposal OPDW Extend, Akses Area Front Dumping"
8240778,5. Deviasi Loading/Dumping,Bendera batas dumping belum di update,Pit C2HU,[C2HU] Disposal,"Pit C2HU, [C2HU] Disposal","[DESKRIPSI]: Bendera batas dumping belum di update [LOKASI]: Pit C2HU, [C2HU] Disposal"
8239648,Non TBC,Teeth bucket aus,Main Workshop Pama,Akses Jalan area Workshop,"Main Workshop Pama, Akses Jalan area Workshop","[DESKRIPSI]: Teeth bucket aus [LOKASI]: Main Workshop Pama, Akses Jalan area Workshop"
8237977,Non TBC,Radio tidak di simpan pada tempatnya,Towing Tug,TB KSA 78,"Towing Tug, TB KSA 78","[DESKRIPSI]: Radio tidak di simpan pada tempatnya [LOKASI]: Towing Tug, TB KSA 78"
8237321,Non TBC,sampah tidak pada tempatnya,Project Rehandling Soil OPP,Mess/Office,"Project Rehandling Soil OPP, Mess/Office","[DESKRIPSI]: sampah tidak pada tempatnya [LOKASI]: Project Rehandling Soil OPP, Mess/Office"
8239157,Non TBC,Mesin bor tidak disimpan pada tempatnya setelah dipakai,Towing Tug,TB KSA 125,"Towing Tug, TB KSA 125","[DESKRIPSI]: Mesin bor tidak disimpan pada tempatnya setelah dipakai [LOKASI]: Towing Tug, TB KSA 125"
8238772,Non TBC,Tali ringbouy belum ada di stand,Aktivitas Area High Risk,Checkpound Stage 3,"Aktivitas Area High Risk, Checkpound Stage 3","[DESKRIPSI]: Tali ringbouy belum ada di stand [LOKASI]: Aktivitas Area High Risk, Checkpound Stage 3"
8238615,Non TBC,Terdapat ring buoy yang tidak di lengkapi tali,Barge,BG PSPM 12,"Barge, BG PSPM 12","[DESKRIPSI]: Terdapat ring buoy yang tidak di lengkapi tali [LOKASI]: Barge, BG PSPM 12"
8236207,Non TBC,Front loading undulating,(B8) Pit C2,Front Loading Coal,"(B8) Pit C2, Front Loading Coal","[DESKRIPSI]: Front loading undulating [LOKASI]: (B8) Pit C2, Front Loading Coal"
8241551,Non TBC,Tali berhamburan di buritan,Towing Tug,TB BINTANG 2002,"Towing Tug, TB BINTANG 2002","[DESKRIPSI]: Tali berhamburan di buritan [LOKASI]: Towing Tug, TB BINTANG 2002"
8240755,Non TBC,Kondisi jalan undulating,(B PMO) Pit K1,Loading Point Pit K1 KDC,"(B PMO) Pit K1, Loading Point Pit K1 KDC","[DESKRIPSI]: Kondisi jalan undulating [LOKASI]: (B PMO) Pit K1, Loading Point Pit K1 KDC"
8240599,Non TBC,Kondisi loto buram,Main Workshop Pama,Bays 1 (Wheel),"Main Workshop Pama, Bays 1 (Wheel)","[DESKRIPSI]: Kondisi loto buram [LOKASI]: Main Workshop Pama, Bays 1 (Wheel)"
8239947,Non TBC,Rambu larangan dekat air terjatuh,Aktivitas Area High Risk,Checkpound Stage 3,"Aktivitas Area High Risk, Checkpound Stage 3","[DESKRIPSI]: Rambu larangan dekat air terjatuh [LOKASI]: Aktivitas Area High Risk, Checkpound Stage 3"
8239518,Non TBC,debu awal shift 2 karena jalan kering dan debu naik,(B PMO) Hauling Road,Simpang Samosir KDC,"(B PMO) Hauling Road, Simpang Samosir KDC","[DESKRIPSI]: debu awal shift 2 karena jalan kering dan debu naik [LOKASI]: (B PMO) Hauling Road, Simpang Samosir KDC"
8238493,Non TBC,Terdapat sepatu safety yang belum di simpan pada tempatnya setelah di gunakan,Assist Tug Sungai,INTAN MEGAH 06,"Assist Tug Sungai, INTAN MEGAH 06","[DESKRIPSI]: Terdapat sepatu safety yang belum di simpan pada tempatnya setelah di gunakan [LOKASI]: Assist Tug Sungai, INTAN MEGAH 06"
8237788,Non TBC,Apar belum inspeksi bulan berjalan,Warehouse MTL,Gudang EDJS,"Warehouse MTL, Gudang EDJS","[DESKRIPSI]: Apar belum inspeksi bulan berjalan [LOKASI]: Warehouse MTL, Gudang EDJS"
8237733,Non TBC,Terdapat spoil pada jalan angkut,Hauling Hamparan,Hauling Hamparan,Hauling Hamparan,[DESKRIPSI]: Terdapat spoil pada jalan angkut [LOKASI]: Hauling Hamparan
8236823,Non TBC,Lantai di kontrol WIQ kotor debu batu bara,Coal Crushing Plant (CPP),Jetty / Dermaga Barging,"Coal Crushing Plant (CPP), Jetty / Dermaga Barging","[DESKRIPSI]: Lantai di kontrol WIQ kotor debu batu bara [LOKASI]: Coal Crushing Plant (CPP), Jetty / Dermaga Barging"
8235515,Non TBC,Posisi tower lamp terlalu jauh dengan front loading di Ex 830,(B8) Pit J,Front Loading Coal,"(B8) Pit J, Front Loading Coal","[DESKRIPSI]: Posisi tower lamp terlalu jauh dengan front loading di Ex 830 [LOKASI]: (B8) Pit J, Front Loading Coal"
8235510,Non TBC,Terdapat spoil di area akses jalan masuk penyempitan jalan dikarenakan spoil disposal RL 35,(B8) Pit C2,Disposal,"(B8) Pit C2, Disposal","[DESKRIPSI]: Terdapat spoil di area akses jalan masuk penyempitan jalan dikarenakan spoil disposal RL 35 [LOKASI]: (B8) Pit C2, Disposal"
7172065,4. Posisi Pekerja pada Area Tidak aman/Tidak Sesuai Prosedur,Pencahayaan kurang maksimal area dumpingan OPD west RL 60 Utara,,,,[DESKRIPSI]: Pencahayaan kurang maksimal area dumpingan OPD west RL 60 Utara
8238873,Non TBC,Jalan hauling berdebu tebal pandangan terbatas,Coal Hauling Road,Red Zone Jl.Barokah Km 3.600,"Coal Hauling Road, Red Zone Jl.Barokah Km 3.600","[DESKRIPSI]: Jalan hauling berdebu tebal pandangan terbatas [LOKASI]: Coal Hauling Road, Red Zone Jl.Barokah Km 3.600"
8233709,9. Kesesuaian Dokumen Kerja,Crew PT Velseis mengoperasikan Unit Genset yang di gunakan untuk Logging di unit Drilling PT Kasam-010 tidak memiliki Kimper ,EKSPLORASI GURIMBANG,JALAN PENGEBORAN - RIG KSM - DM - 010,"EKSPLORASI GURIMBANG, JALAN PENGEBORAN - RIG KSM - DM - 010","[DESKRIPSI]: Crew PT Velseis mengoperasikan Unit Genset yang di gunakan untuk Logging di unit Drilling PT Kasam-010 tidak memiliki Kimper [LOKASI]: EKSPLORASI GURIMBANG, JALAN PENGEBORAN - RIG KSM - DM - 010"
8235763,Non TBC,Terdapat sampah berserakan,(B PMO) Hauling Road,Jembatan Bengkirai KDC,"(B PMO) Hauling Road, Jembatan Bengkirai KDC","[DESKRIPSI]: Terdapat sampah berserakan [LOKASI]: (B PMO) Hauling Road, Jembatan Bengkirai KDC"
8241376,Non TBC,Apar manitou Belum di inspeksi,Pit Stop KM 5 FAD,Parkiran Unit,"Pit Stop KM 5 FAD, Parkiran Unit","[DESKRIPSI]: Apar manitou Belum di inspeksi [LOKASI]: Pit Stop KM 5 FAD, Parkiran Unit"
8240008,Non TBC,Terdapat jalan undulating arah front soil out pit,(B PMO) Pit Q1,Loading Soil Outpit Disposal OPD Q KDC,"(B PMO) Pit Q1, Loading Soil Outpit Disposal OPD Q KDC","[DESKRIPSI]: Terdapat jalan undulating arah front soil out pit [LOKASI]: (B PMO) Pit Q1, Loading Soil Outpit Disposal OPD Q KDC"
8239944,5. Deviasi Loading/Dumping,Tanggul disposal Ipd ch belum standart,(B8) Pit CH,Disposal Kering IPD CH,"(B8) Pit CH, Disposal Kering IPD CH","[DESKRIPSI]: Tanggul disposal Ipd ch belum standart [LOKASI]: (B8) Pit CH, Disposal Kering IPD CH"
8238961,Non TBC,Drainase ketutup spoil,Aktivitas Area High Risk,Pos Traffic Persimpangan Jalan Negara,"Aktivitas Area High Risk, Pos Traffic Persimpangan Jalan Negara","[DESKRIPSI]: Drainase ketutup spoil [LOKASI]: Aktivitas Area High Risk, Pos Traffic Persimpangan Jalan Negara"
8238831,Non TBC,Sarung tangan bekas buang ke B3,(B PMO) Workshop,Workshop Temporary KDC,"(B PMO) Workshop, Workshop Temporary KDC","[DESKRIPSI]: Sarung tangan bekas buang ke B3 [LOKASI]: (B PMO) Workshop, Workshop Temporary KDC"
8235998,Non TBC,Rambu parkir rebah,Pit PQRT,[Area Kritis] Drill & Blast,"Pit PQRT, [Area Kritis] Drill & Blast","[DESKRIPSI]: Rambu parkir rebah [LOKASI]: Pit PQRT, [Area Kritis] Drill & Blast"
8235279,Non TBC,Tidak menggunakan Rambu saat pemompaan,Workshop Tyre Pama,Bays Remove & Install Tyre,"Workshop Tyre Pama, Bays Remove & Install Tyre","[DESKRIPSI]: Tidak menggunakan Rambu saat pemompaan [LOKASI]: Workshop Tyre Pama, Bays Remove & Install Tyre"
8235090,Non TBC,Over speed 3105,Control Room Technology,Control Room Mining Eyes & MH02,"Control Room Technology, Control Room Mining Eyes & MH02","[DESKRIPSI]: Over speed 3105 [LOKASI]: Control Room Technology, Control Room Mining Eyes & MH02"
8240443,Non TBC,filter bekas penuh pada tampungan belum dibuang,Main Workshop Pama,Bays 1 (Wheel),"Main Workshop Pama, Bays 1 (Wheel)","[DESKRIPSI]: filter bekas penuh pada tampungan belum dibuang [LOKASI]: Main Workshop Pama, Bays 1 (Wheel)"
8238706,5. Deviasi Loading/Dumping,Bendera limiter belum terupdate,Disposal IPD L,Front Dumping Kering,"Disposal IPD L, Front Dumping Kering","[DESKRIPSI]: Bendera limiter belum terupdate [LOKASI]: Disposal IPD L, Front Dumping Kering"
8238320,Non TBC,Operator speak up jalan berdebu,(B8) Pit J,Front Loading OB,"(B8) Pit J, Front Loading OB","[DESKRIPSI]: Operator speak up jalan berdebu [LOKASI]: (B8) Pit J, Front Loading OB"
8238246,Non TBC,Ditemukan Wd tidak pada tempatnyAa,Workshop Transportasi Massal,Workshop diluar site - Bagong,"Workshop Transportasi Massal, Workshop diluar site - Bagong","[DESKRIPSI]: Ditemukan Wd tidak pada tempatnyAa [LOKASI]: Workshop Transportasi Massal, Workshop diluar site - Bagong"
8236946,Non TBC,Cat tidak pada tempatnya,Workshop Fabrikasi Pama,Bays SSE,"Workshop Fabrikasi Pama, Bays SSE","[DESKRIPSI]: Cat tidak pada tempatnya [LOKASI]: Workshop Fabrikasi Pama, Bays SSE"
8236738,Non TBC,Spoil di jalan keluar front loading,Project Rehandling Soil OPP,Jalan,"Project Rehandling Soil OPP, Jalan","[DESKRIPSI]: Spoil di jalan keluar front loading [LOKASI]: Project Rehandling Soil OPP, Jalan"
8235954,Non TBC,Kondisi track EX 8502 kendor segera lakukan perbaikan,(B PMO) Pit Q1,Loading Point Q1 KDC,"(B PMO) Pit Q1, Loading Point Q1 KDC","[DESKRIPSI]: Kondisi track EX 8502 kendor segera lakukan perbaikan [LOKASI]: (B PMO) Pit Q1, Loading Point Q1 KDC"
8235453,Non TBC,Rambu stop di parkiran sarana rebah,(B8) Pit J,Disposal,"(B8) Pit J, Disposal","[DESKRIPSI]: Rambu stop di parkiran sarana rebah [LOKASI]: (B8) Pit J, Disposal"
8235009,Non TBC,Parit penuh lumpur,(B8) Workshop Champoin,Bays Champions,"(B8) Workshop Champoin, Bays Champions","[DESKRIPSI]: Parit penuh lumpur [LOKASI]: (B8) Workshop Champoin, Bays Champions"
8240933,Non TBC,Sampah belum diangkut,Change shift Barokah LD/DT,Akses Jalan Change Shift,"Change shift Barokah LD/DT, Akses Jalan Change Shift","[DESKRIPSI]: Sampah belum diangkut [LOKASI]: Change shift Barokah LD/DT, Akses Jalan Change Shift"
8239692,Non TBC,Temuan sampah dibuang tidak pada tempatnya,Warehouse,Warehouse PT. BC SMO,Warehouse PT. BC SMO,[DESKRIPSI]: Temuan sampah dibuang tidak pada tempatnya [LOKASI]: Warehouse PT. BC SMO
8239207,Non TBC,Unit maintenance tidak dipasang lock artic,Main Workshop Pama,Bays 1 (Wheel),"Main Workshop Pama, Bays 1 (Wheel)","[DESKRIPSI]: Unit maintenance tidak dipasang lock artic [LOKASI]: Main Workshop Pama, Bays 1 (Wheel)"
8236998,Non TBC,Apar belum di lakukan inspeksi,Pit L East/Timur,View Point Control Room Mining Eyes & MH02,"Pit L East/Timur, View Point Control Room Mining Eyes & MH02","[DESKRIPSI]: Apar belum di lakukan inspeksi [LOKASI]: Pit L East/Timur, View Point Control Room Mining Eyes & MH02"
8235446,Non TBC,Area manuver HD Undulating,(B8) Pit J,Disposal,"(B8) Pit J, Disposal","[DESKRIPSI]: Area manuver HD Undulating [LOKASI]: (B8) Pit J, Disposal"
8235166,Non TBC,KIP Apar CT157 belum diinspeksi,Workshop Fabrikasi Pama,Bays SSE,"Workshop Fabrikasi Pama, Bays SSE","[DESKRIPSI]: KIP Apar CT157 belum diinspeksi [LOKASI]: Workshop Fabrikasi Pama, Bays SSE"
8234955,Non TBC,"Saat akan melakukan pencucian unit LV, ganjal belum dipasang",Area DNX,Area Washpad,"Area DNX, Area Washpad","[DESKRIPSI]: Saat akan melakukan pencucian unit LV, ganjal belum dipasang [LOKASI]: Area DNX, Area Washpad"
8238713,Non TBC,Jalan baru belum di sekrap,(B8) Road Management,JLn. Wakatobi,"(B8) Road Management, JLn. Wakatobi","[DESKRIPSI]: Jalan baru belum di sekrap [LOKASI]: (B8) Road Management, JLn. Wakatobi"
8237847,Non TBC,Bahan chemical bukan pada tempatnya,Towing Tug,TB KSA 29,"Towing Tug, TB KSA 29","[DESKRIPSI]: Bahan chemical bukan pada tempatnya [LOKASI]: Towing Tug, TB KSA 29"
8237771,Non TBC,Terdapat Rambu Rebah Pada Jalan Hauling Maratua Jalur Muatan,(B PMO) Hauling Road,Jalan Hauling Maratua KDC,"(B PMO) Hauling Road, Jalan Hauling Maratua KDC","[DESKRIPSI]: Terdapat Rambu Rebah Pada Jalan Hauling Maratua Jalur Muatan [LOKASI]: (B PMO) Hauling Road, Jalan Hauling Maratua KDC"
8235613,Non TBC,Ditemukan di disposal stock soil undulating di area manuver dumping,(B PMO) Pit Q1,Disposal Stock Soil KDC,"(B PMO) Pit Q1, Disposal Stock Soil KDC","[DESKRIPSI]: Ditemukan di disposal stock soil undulating di area manuver dumping [LOKASI]: (B PMO) Pit Q1, Disposal Stock Soil KDC"
8235246,Non TBC,Terdapat mata gerinda yang sudah limit atau tidak layak,Workshop BMC,Bays Maintenance,"Workshop BMC, Bays Maintenance","[DESKRIPSI]: Terdapat mata gerinda yang sudah limit atau tidak layak [LOKASI]: Workshop BMC, Bays Maintenance"
8241132,5. Deviasi Loading/Dumping,Limiter belum update,Handling Soil East KDC,Dumping Stocksoil East KDC,"Handling Soil East KDC, Dumping Stocksoil East KDC","[DESKRIPSI]: Limiter belum update [LOKASI]: Handling Soil East KDC, Dumping Stocksoil East KDC"
8239058,5. Deviasi Loading/Dumping,limiter belum update,Handling Soil East KDC,Dumping Stocksoil East KDC,"Handling Soil East KDC, Dumping Stocksoil East KDC","[DESKRIPSI]: limiter belum update [LOKASI]: Handling Soil East KDC, Dumping Stocksoil East KDC"
8238826,Non TBC,Buang sampah absorbent ke tempat B3,(B PMO) Workshop,Workshop Temporary KDC,"(B PMO) Workshop, Workshop Temporary KDC","[DESKRIPSI]: Buang sampah absorbent ke tempat B3 [LOKASI]: (B PMO) Workshop, Workshop Temporary KDC"
8238310,Non TBC,Lantai basah potensi licin,Workshop Fabrikasi Pama,Bays SSE,"Workshop Fabrikasi Pama, Bays SSE","[DESKRIPSI]: Lantai basah potensi licin [LOKASI]: Workshop Fabrikasi Pama, Bays SSE"
8237967,Non TBC,Temuan hasil inspeksi PM 145 Lampu Rem Mati,Unit Transportasi Massal,Unit Transportasi Darat,"Unit Transportasi Massal, Unit Transportasi Darat","[DESKRIPSI]: Temuan hasil inspeksi PM 145 Lampu Rem Mati [LOKASI]: Unit Transportasi Massal, Unit Transportasi Darat"
8237712,Non TBC,Terdapat tumpahan batubara dibawah TL4,CPP Binungan,TLC CPP Bin BC,"CPP Binungan, TLC CPP Bin BC","[DESKRIPSI]: Terdapat tumpahan batubara dibawah TL4 [LOKASI]: CPP Binungan, TLC CPP Bin BC"
8237151,Non TBC,"Hose grease PC 2005 pecah, lakukan penggantian",Workshop MTL KM 1,"WS A2B,Support & Gudang MTL","Workshop MTL KM 1, WS A2B,Support & Gudang MTL","[DESKRIPSI]: Hose grease PC 2005 pecah, lakukan penggantian [LOKASI]: Workshop MTL KM 1, WS A2B,Support & Gudang MTL"
8235319,Non TBC,Terdapat kubus apung yg tidak teekonek dengan pompa,Pit East 2,Sump East 2,"Pit East 2, Sump East 2","[DESKRIPSI]: Terdapat kubus apung yg tidak teekonek dengan pompa [LOKASI]: Pit East 2, Sump East 2"
8235050,Non TBC,Tta jalan disposal berlubang,(B8) Pit J,Disposal,"(B8) Pit J, Disposal","[DESKRIPSI]: Tta jalan disposal berlubang [LOKASI]: (B8) Pit J, Disposal"
8239279,Non TBC,Sampah sudah penuh belum di buang ke tempat pembuangan sampah,(B PMO) Pit Q1,Pit Stop A2B Q1 KDC,"(B PMO) Pit Q1, Pit Stop A2B Q1 KDC","[DESKRIPSI]: Sampah sudah penuh belum di buang ke tempat pembuangan sampah [LOKASI]: (B PMO) Pit Q1, Pit Stop A2B Q1 KDC"
8236945,Non TBC,Checklist pemeriksaan oil trap belum di update untuk pagi ini,Main Workshop Pama,Oil Trap,"Main Workshop Pama, Oil Trap","[DESKRIPSI]: Checklist pemeriksaan oil trap belum di update untuk pagi ini [LOKASI]: Main Workshop Pama, Oil Trap"
8235543,Non TBC,Kuku bucket tumpul,[Area Kritis] Shutdown BUMA Elv-65,[Area Kritis] Area Perbaikan Unit,"[Area Kritis] Shutdown BUMA Elv-65, [Area Kritis] Area Perbaikan Unit","[DESKRIPSI]: Kuku bucket tumpul [LOKASI]: [Area Kritis] Shutdown BUMA Elv-65, [Area Kritis] Area Perbaikan Unit"
8234932,Non TBC,Boulder jatuh di front 1800,(B8) Pit CD,Front Loading OB,"(B8) Pit CD, Front Loading OB","[DESKRIPSI]: Boulder jatuh di front 1800 [LOKASI]: (B8) Pit CD, Front Loading OB"
8241398,Non TBC,Tools webing Sling 1 ton sudah tidak layak dipakai,Pit Stop KM 5 FAD,Warehouse,"Pit Stop KM 5 FAD, Warehouse","[DESKRIPSI]: Tools webing Sling 1 ton sudah tidak layak dipakai [LOKASI]: Pit Stop KM 5 FAD, Warehouse"
8240711,Non TBC,Penutup smoke detector di salon belum di lepas,Towing Tug,TB KSA 73,"Towing Tug, TB KSA 73","[DESKRIPSI]: Penutup smoke detector di salon belum di lepas [LOKASI]: Towing Tug, TB KSA 73"
8240222,Non TBC,Ganjal ban tidak pda tempatny,Workshop Fabrikasi Pama,Bays SSE,"Workshop Fabrikasi Pama, Bays SSE","[DESKRIPSI]: Ganjal ban tidak pda tempatny [LOKASI]: Workshop Fabrikasi Pama, Bays SSE"
8237198,Non TBC,Lantai bays kondisi kotor masih ada bekas cecran oli belum di cuci,Workshop Bigshop BUMA,Bays Rapair/Maintenance,"Workshop Bigshop BUMA, Bays Rapair/Maintenance","[DESKRIPSI]: Lantai bays kondisi kotor masih ada bekas cecran oli belum di cuci [LOKASI]: Workshop Bigshop BUMA, Bays Rapair/Maintenance"
8237026,Non TBC,Expose Seam Q pit Q timur perlu pemasangan kembali pita pink batas pengukuran Survey,(B PMO) Pit Q1,Loading Point Q1 KDC,"(B PMO) Pit Q1, Loading Point Q1 KDC","[DESKRIPSI]: Expose Seam Q pit Q timur perlu pemasangan kembali pita pink batas pengukuran Survey [LOKASI]: (B PMO) Pit Q1, Loading Point Q1 KDC"
8236827,5. Deviasi Loading/Dumping,Limiter blm update,Disposal OPD East 1,Akses Front dumping Disposal PAMA,"Disposal OPD East 1, Akses Front dumping Disposal PAMA","[DESKRIPSI]: Limiter blm update [LOKASI]: Disposal OPD East 1, Akses Front dumping Disposal PAMA"
8236184,Non TBC,Sampah tidak dibuang pada tempatnya,Coal Crushing Plant (CPP),Pos Mooring GMO,"Coal Crushing Plant (CPP), Pos Mooring GMO","[DESKRIPSI]: Sampah tidak dibuang pada tempatnya [LOKASI]: Coal Crushing Plant (CPP), Pos Mooring GMO"
8234944,Non TBC,Terdapat charger laptop dalam keadaan kabel terbuka dan terkelupas,EKSPLORASI GURIMBANG,AREA AKTIFITAS SURVEY,"EKSPLORASI GURIMBANG, AREA AKTIFITAS SURVEY","[DESKRIPSI]: Terdapat charger laptop dalam keadaan kabel terbuka dan terkelupas [LOKASI]: EKSPLORASI GURIMBANG, AREA AKTIFITAS SURVEY"
8234865,5. Deviasi Loading/Dumping,Limiter blm update,Disposal OPD East 1,Akses Front dumping Disposal PAMA,"Disposal OPD East 1, Akses Front dumping Disposal PAMA","[DESKRIPSI]: Limiter blm update [LOKASI]: Disposal OPD East 1, Akses Front dumping Disposal PAMA"
8241615,Non TBC,Tali seken towing tidak di rapikan,Towing Tug,TB KSA 105,"Towing Tug, TB KSA 105","[DESKRIPSI]: Tali seken towing tidak di rapikan [LOKASI]: Towing Tug, TB KSA 105"
8238846,5. Deviasi Loading/Dumping,belum terpasang batas dumping -40 selatan ( temuan tbc ),Pit PQRT,Disposal,"Pit PQRT, Disposal","[DESKRIPSI]: belum terpasang batas dumping -40 selatan ( temuan tbc ) [LOKASI]: Pit PQRT, Disposal"
8238840,Non TBC,Buang sarung tangan bekas ke tempat b3,(B PMO) Workshop,Workshop Temporary KDC,"(B PMO) Workshop, Workshop Temporary KDC","[DESKRIPSI]: Buang sarung tangan bekas ke tempat b3 [LOKASI]: (B PMO) Workshop, Workshop Temporary KDC"
8238818,5. Deviasi Loading/Dumping,Limiter belum update,Aktivitas Area High Risk,Dumping Rawa EFG Timur PAMA,"Aktivitas Area High Risk, Dumping Rawa EFG Timur PAMA","[DESKRIPSI]: Limiter belum update [LOKASI]: Aktivitas Area High Risk, Dumping Rawa EFG Timur PAMA"
8238542,Non TBC,Sampah tidak di buang pada tempatnya,(B8) Workshop Temporary MIJ,Open Yard MIJ,"(B8) Workshop Temporary MIJ, Open Yard MIJ","[DESKRIPSI]: Sampah tidak di buang pada tempatnya [LOKASI]: (B8) Workshop Temporary MIJ, Open Yard MIJ"
8237247,5. Deviasi Loading/Dumping,belum ter up date batas dumping -30 timur ( temuan tbc ),Pit PQRT,Disposal,"Pit PQRT, Disposal","[DESKRIPSI]: belum ter up date batas dumping -30 timur ( temuan tbc ) [LOKASI]: Pit PQRT, Disposal"
8240378,14. Technology,Cctv pos gudang eror atau mati,(B8) Gudang Handak,Gudang Handak B8,"(B8) Gudang Handak, Gudang Handak B8","[DESKRIPSI]: Cctv pos gudang eror atau mati [LOKASI]: (B8) Gudang Handak, Gudang Handak B8"
8240377,Non TBC,"Pipa bekas tidak pda tempatnya,",Workshop Fabrikasi Pama,Bays SSE,"Workshop Fabrikasi Pama, Bays SSE","[DESKRIPSI]: Pipa bekas tidak pda tempatnya, [LOKASI]: Workshop Fabrikasi Pama, Bays SSE"
8238557,Non TBC,Draft tongkang belum di cat,Barge,BG PSPM 02,"Barge, BG PSPM 02","[DESKRIPSI]: Draft tongkang belum di cat [LOKASI]: Barge, BG PSPM 02"
8237683,Non TBC,INSPEKSI DAILY COVERAGE AREA WASHING PAD AREA PENCUCIAN,Washing Pad BUMA Workshop 2,Area Pencucian,"Washing Pad BUMA Workshop 2, Area Pencucian","[DESKRIPSI]: INSPEKSI DAILY COVERAGE AREA WASHING PAD AREA PENCUCIAN [LOKASI]: Washing Pad BUMA Workshop 2, Area Pencucian"
8241484,Non TBC,Wearpack bukan di tempatnya,Towing Tug,TB KSA 105,"Towing Tug, TB KSA 105","[DESKRIPSI]: Wearpack bukan di tempatnya [LOKASI]: Towing Tug, TB KSA 105"
8240799,Non TBC,Belum memasang demarkasi,Aktivitas Area High Risk,IBDW Area Pit L East/Timur PAMA,"Aktivitas Area High Risk, IBDW Area Pit L East/Timur PAMA","[DESKRIPSI]: Belum memasang demarkasi [LOKASI]: Aktivitas Area High Risk, IBDW Area Pit L East/Timur PAMA"
8240691,Non TBC,charger tidak dilepas ketika selesai digunakan,(B8) Infrastucture Tambang,Office Champion,"(B8) Infrastucture Tambang, Office Champion","[DESKRIPSI]: charger tidak dilepas ketika selesai digunakan [LOKASI]: (B8) Infrastucture Tambang, Office Champion"
8236960,Non TBC,Wepack tidak pada tempatnya,Towing Tug,TB KSA 135,"Towing Tug, TB KSA 135","[DESKRIPSI]: Wepack tidak pada tempatnya [LOKASI]: Towing Tug, TB KSA 135"
8235258,Non TBC,Hose grease bocor,Project Diversion Selatan,Stage 1 Project Road Diversion,"Project Diversion Selatan, Stage 1 Project Road Diversion","[DESKRIPSI]: Hose grease bocor [LOKASI]: Project Diversion Selatan, Stage 1 Project Road Diversion"
8240724,Non TBC,Tyreman Tidak memasang ganjal saat pemompaan,Workshop Tyre Pama,Bays Remove & Install Tyre,"Workshop Tyre Pama, Bays Remove & Install Tyre","[DESKRIPSI]: Tyreman Tidak memasang ganjal saat pemompaan [LOKASI]: Workshop Tyre Pama, Bays Remove & Install Tyre"
8240685,Non TBC,komputer tidak dimatikan ketika selesai bekerja,(B8) Infrastucture Tambang,Office Champion,"(B8) Infrastucture Tambang, Office Champion","[DESKRIPSI]: komputer tidak dimatikan ketika selesai bekerja [LOKASI]: (B8) Infrastucture Tambang, Office Champion"
8239679,14. Technology,kamera dms dth 041 layar biru saat unit melalui jalan undulating,(B PMO) Hauling Road,Jalan Hauling Agatis KDC,"(B PMO) Hauling Road, Jalan Hauling Agatis KDC","[DESKRIPSI]: kamera dms dth 041 layar biru saat unit melalui jalan undulating [LOKASI]: (B PMO) Hauling Road, Jalan Hauling Agatis KDC"
8239612,5. Deviasi Loading/Dumping,Acuan dumping belum ada,Disposal OPD East 1,Akses Front dumping Disposal PAMA,"Disposal OPD East 1, Akses Front dumping Disposal PAMA","[DESKRIPSI]: Acuan dumping belum ada [LOKASI]: Disposal OPD East 1, Akses Front dumping Disposal PAMA"
8238383,14. Technology,Pintu kamar mandi tidak di tutup menghalangi jalan dan pandangan cctv,Assist Tug Sungai,TB DL 11,"Assist Tug Sungai, TB DL 11","[DESKRIPSI]: Pintu kamar mandi tidak di tutup menghalangi jalan dan pandangan cctv [LOKASI]: Assist Tug Sungai, TB DL 11"
8236965,Non TBC,Tampungan tidak dikembalikan dan dirapikan setelah dipakai,(B8) Workshop Champoin,Bays Champions,"(B8) Workshop Champoin, Bays Champions","[DESKRIPSI]: Tampungan tidak dikembalikan dan dirapikan setelah dipakai [LOKASI]: (B8) Workshop Champoin, Bays Champions"
8236531,5. Deviasi Loading/Dumping,Limitere belum di update,Disposal OPD East 1,Akses Front dumping Disposal PAMA,"Disposal OPD East 1, Akses Front dumping Disposal PAMA","[DESKRIPSI]: Limitere belum di update [LOKASI]: Disposal OPD East 1, Akses Front dumping Disposal PAMA"
7273830,Non TBC,TBC Tangga Bulan Oktober belum di Inspeksi berpotensi ada kerusakan yang bisa mengakibatkan Celaka,,,,[DESKRIPSI]: TBC Tangga Bulan Oktober belum di Inspeksi berpotensi ada kerusakan yang bisa mengakibatkan Celaka
8238306,Non TBC,Terdapat tumpukan material tidak disimpan pada tempat yang sudah disediakan,Crusher 02 dan OLC,Tunnel,"Crusher 02 dan OLC, Tunnel","[DESKRIPSI]: Terdapat tumpukan material tidak disimpan pada tempat yang sudah disediakan [LOKASI]: Crusher 02 dan OLC, Tunnel"
8236397,Non TBC,"Unit Ex 3952 breakdown belum terpasang safety line, utk penanda Unit breakdown",(B PMO) Workshop,Workshop Temporary KDC,"(B PMO) Workshop, Workshop Temporary KDC","[DESKRIPSI]: Unit Ex 3952 breakdown belum terpasang safety line, utk penanda Unit breakdown [LOKASI]: (B PMO) Workshop, Workshop Temporary KDC"
8236097,Non TBC,Terdapat sampah sisa makanan diruang ostirahat,Workshop Kinend - Bigshop BUMA,Ruang Istirahat,"Workshop Kinend - Bigshop BUMA, Ruang Istirahat","[DESKRIPSI]: Terdapat sampah sisa makanan diruang ostirahat [LOKASI]: Workshop Kinend - Bigshop BUMA, Ruang Istirahat"
8240622,5. Deviasi Loading/Dumping,Disposal void t4u bendera batas dumping belum di update,Pit C2HU,[C2HU] Disposal,"Pit C2HU, [C2HU] Disposal","[DESKRIPSI]: Disposal void t4u bendera batas dumping belum di update [LOKASI]: Pit C2HU, [C2HU] Disposal"
8239573,Non TBC,Jalan berlubang tidak direpair,(B8) Pit J,Front Loading OB,"(B8) Pit J, Front Loading OB","[DESKRIPSI]: Jalan berlubang tidak direpair [LOKASI]: (B8) Pit J, Front Loading OB"
8238576,Non TBC,Tempat sampah khusus limbah B3 sudah tidak layak,Towing Tug,TB PANCARAN 215,"Towing Tug, TB PANCARAN 215","[DESKRIPSI]: Tempat sampah khusus limbah B3 sudah tidak layak [LOKASI]: Towing Tug, TB PANCARAN 215"
8237672,Non TBC,INSPEKSI DAILY COVERAGE AREA SEDIMEN WASHING PAD,Washing Pad BUMA Workshop 2,Rumah Pompa & Kolam Sedimen,"Washing Pad BUMA Workshop 2, Rumah Pompa & Kolam Sedimen","[DESKRIPSI]: INSPEKSI DAILY COVERAGE AREA SEDIMEN WASHING PAD [LOKASI]: Washing Pad BUMA Workshop 2, Rumah Pompa & Kolam Sedimen"
8237419,Non TBC,Terdapat sampah yg berserakan di lantai,Workshop Bigshop BUMA,Bays Rapair/Maintenance,"Workshop Bigshop BUMA, Bays Rapair/Maintenance","[DESKRIPSI]: Terdapat sampah yg berserakan di lantai [LOKASI]: Workshop Bigshop BUMA, Bays Rapair/Maintenance"
8236776,Non TBC,Penutup mesin cuci tdk di tutup,Towing Tug,TB KSA 104,"Towing Tug, TB KSA 104","[DESKRIPSI]: Penutup mesin cuci tdk di tutup [LOKASI]: Towing Tug, TB KSA 104"
8235682,Non TBC,Lantai lokasi bor tidak keras,(B8) Area Kritis Blok 8,(B8) Drill & Blast,"(B8) Area Kritis Blok 8, (B8) Drill & Blast","[DESKRIPSI]: Lantai lokasi bor tidak keras [LOKASI]: (B8) Area Kritis Blok 8, (B8) Drill & Blast"
8235309,5. Deviasi Loading/Dumping,Tinggi bendera acuan dumping tidak standar (kurang dari 4.5 m),Pit PQRT,Disposal,"Pit PQRT, Disposal","[DESKRIPSI]: Tinggi bendera acuan dumping tidak standar (kurang dari 4.5 m) [LOKASI]: Pit PQRT, Disposal"
8241160,Non TBC,Tinggi bundwall tidak standar,Project Diversion Selatan PAMA,Front Dumping Disposal PAMA,"Project Diversion Selatan PAMA, Front Dumping Disposal PAMA","[DESKRIPSI]: Tinggi bundwall tidak standar [LOKASI]: Project Diversion Selatan PAMA, Front Dumping Disposal PAMA"
8237467,Non TBC,Belum terpasang Rambu STOP di front BMC 113,(B8) Pit J,Front Loading Coal,"(B8) Pit J, Front Loading Coal","[DESKRIPSI]: Belum terpasang Rambu STOP di front BMC 113 [LOKASI]: (B8) Pit J, Front Loading Coal"
8240476,Non TBC,apar belum diinspeksi,Aktivitas Area High Risk,IBDW Area Parkiran Workshop BMC,"Aktivitas Area High Risk, IBDW Area Parkiran Workshop BMC","[DESKRIPSI]: apar belum diinspeksi [LOKASI]: Aktivitas Area High Risk, IBDW Area Parkiran Workshop BMC"
8239854,5. Deviasi Loading/Dumping,Limiter belum di update,Project Diversion Selatan PAMA,Front Dumping Disposal PAMA,"Project Diversion Selatan PAMA, Front Dumping Disposal PAMA","[DESKRIPSI]: Limiter belum di update [LOKASI]: Project Diversion Selatan PAMA, Front Dumping Disposal PAMA"
8239009,5. Deviasi Loading/Dumping,Tinggi Bundwall tidak standard,Project Diversion Selatan PAMA,Front Dumping Disposal PAMA,"Project Diversion Selatan PAMA, Front Dumping Disposal PAMA","[DESKRIPSI]: Tinggi Bundwall tidak standard [LOKASI]: Project Diversion Selatan PAMA, Front Dumping Disposal PAMA"
8236698,Non TBC,Genangan air di jalan masuk change shift (TBC),Project Rehandling Soil OPP,Change Shift,"Project Rehandling Soil OPP, Change Shift","[DESKRIPSI]: Genangan air di jalan masuk change shift (TBC) [LOKASI]: Project Rehandling Soil OPP, Change Shift"
8237594,Non TBC,Akses pompa licin terdapat genangan air,(B8) Pit C2,Sump/Void,"(B8) Pit C2, Sump/Void","[DESKRIPSI]: Akses pompa licin terdapat genangan air [LOKASI]: (B8) Pit C2, Sump/Void"
8240555,6. Tidak terdapat pengawas/pengawas tidak memadai,Belum ada pengecekan apar pada unit EX1419,(B8) Workshop Champoin,Bays Champions,"(B8) Workshop Champoin, Bays Champions","[DESKRIPSI]: Belum ada pengecekan apar pada unit EX1419 [LOKASI]: (B8) Workshop Champoin, Bays Champions"
8239371,Non TBC,Jalan berlubang di lowwal bawah,(B8) Road Management,Jln. Ubud,"(B8) Road Management, Jln. Ubud","[DESKRIPSI]: Jalan berlubang di lowwal bawah [LOKASI]: (B8) Road Management, Jln. Ubud"
8238302,Non TBC,Apar tw 242 belum di inspeksi du bulan Februari,Workshop Fabrikasi Pama,Bays SSE,"Workshop Fabrikasi Pama, Bays SSE","[DESKRIPSI]: Apar tw 242 belum di inspeksi du bulan Februari [LOKASI]: Workshop Fabrikasi Pama, Bays SSE"
8236798,Non TBC,Resleting rompi safety belum dipasang dengan benar,(B8) Infrastucture Tambang,View Point / Bandara,"(B8) Infrastucture Tambang, View Point / Bandara","[DESKRIPSI]: Resleting rompi safety belum dipasang dengan benar [LOKASI]: (B8) Infrastucture Tambang, View Point / Bandara"
8239889,Non TBC,Tinggi bundwall disposal tidak standar,Disposal OPD East 1,Akses Front dumping Disposal PAMA,"Disposal OPD East 1, Akses Front dumping Disposal PAMA","[DESKRIPSI]: Tinggi bundwall disposal tidak standar [LOKASI]: Disposal OPD East 1, Akses Front dumping Disposal PAMA"
8235437,Non TBC,Penyimpanan barang tidak rak yang sesuai,Warehouse,Warehouse PT. MIJ SMO,Warehouse PT. MIJ SMO,[DESKRIPSI]: Penyimpanan barang tidak rak yang sesuai [LOKASI]: Warehouse PT. MIJ SMO
7008297,5. Deviasi Loading/Dumping,jarak dumping tidak ada 20 mtr dari crest line di disposal rawa,,,,[DESKRIPSI]: jarak dumping tidak ada 20 mtr dari crest line di disposal rawa
8240542,Non TBC,Lobang bor belum di sonding,(B8) Area Kritis Blok 8,(B8) Drill & Blast,"(B8) Area Kritis Blok 8, (B8) Drill & Blast","[DESKRIPSI]: Lobang bor belum di sonding [LOKASI]: (B8) Area Kritis Blok 8, (B8) Drill & Blast"
8235932,Non TBC,PENUMPUKAN CARGO MUATAN YANG JATUH DIBAWAH BC5,Floating Crane,CTS Bulk Celebes,"Floating Crane, CTS Bulk Celebes","[DESKRIPSI]: PENUMPUKAN CARGO MUATAN YANG JATUH DIBAWAH BC5 [LOKASI]: Floating Crane, CTS Bulk Celebes"
8240783,Non TBC,Jalan Licin Pasca Hujan,Project Diversion Selatan BAR,Area Parkiran Unit Change Shift BAR,"Project Diversion Selatan BAR, Area Parkiran Unit Change Shift BAR","[DESKRIPSI]: Jalan Licin Pasca Hujan [LOKASI]: Project Diversion Selatan BAR, Area Parkiran Unit Change Shift BAR"
8237820,Non TBC,Hose hidrolik arm unit ABL 203 bocor,Floating Crane,Heavy Equipment,"Floating Crane, Heavy Equipment","[DESKRIPSI]: Hose hidrolik arm unit ABL 203 bocor [LOKASI]: Floating Crane, Heavy Equipment"
8236206,5. Deviasi Loading/Dumping,belum ter up date batas dumping 10 timur ( temuan tbc ),Pit PQRT,Disposal,"Pit PQRT, Disposal","[DESKRIPSI]: belum ter up date batas dumping 10 timur ( temuan tbc ) [LOKASI]: Pit PQRT, Disposal"
8239945,Non TBC,Safety line kurang standar,(B8) Area Kritis Blok 8,(B8) Drill & Blast,"(B8) Area Kritis Blok 8, (B8) Drill & Blast","[DESKRIPSI]: Safety line kurang standar [LOKASI]: (B8) Area Kritis Blok 8, (B8) Drill & Blast"
8238721,5. Deviasi Loading/Dumping,Ditemukan bendera batas dumping limiter tidak update,Disposal IPD L,Front Dumping Kering,"Disposal IPD L, Front Dumping Kering","[DESKRIPSI]: Ditemukan bendera batas dumping limiter tidak update [LOKASI]: Disposal IPD L, Front Dumping Kering"
8238058,Non TBC,Terdapat kabel sensor fuel pompa belum tersambung,Aktivitas Area High Risk,Dewatering Pemompaan Check pond Pit East 2 ACI,"Aktivitas Area High Risk, Dewatering Pemompaan Check pond Pit East 2 ACI","[DESKRIPSI]: Terdapat kabel sensor fuel pompa belum tersambung [LOKASI]: Aktivitas Area High Risk, Dewatering Pemompaan Check pond Pit East 2 ACI"
8237875,Non TBC,Penempatan bahan B3 tidak tertata dengan rapi dan tidak terpisah,(B8) Workshop Champoin,Bays Champions,"(B8) Workshop Champoin, Bays Champions","[DESKRIPSI]: Penempatan bahan B3 tidak tertata dengan rapi dan tidak terpisah [LOKASI]: (B8) Workshop Champoin, Bays Champions"
8239617,Non TBC,Sampah di buang tidak pada tempatnya berpotensi kontaminasi ..,Workshop,Workshop Meteorit C2HU,Workshop Meteorit C2HU,[DESKRIPSI]: Sampah di buang tidak pada tempatnya berpotensi kontaminasi .. [LOKASI]: Workshop Meteorit C2HU
8238895,Non TBC,Chek list apar WLl 01. Belum terisi,(B PMO) Workshop,Workshop Temporary KDC,"(B PMO) Workshop, Workshop Temporary KDC","[DESKRIPSI]: Chek list apar WLl 01. Belum terisi [LOKASI]: (B PMO) Workshop, Workshop Temporary KDC"
8238524,14. Technology,Terdapat Cctv pada area pit gurimbang utara tidak aktif,Office Mining PT BC,Infrastruktur Office BC,"Office Mining PT BC, Infrastruktur Office BC","[DESKRIPSI]: Terdapat Cctv pada area pit gurimbang utara tidak aktif [LOKASI]: Office Mining PT BC, Infrastruktur Office BC"
8236618,Non TBC,"Tbc
Kable power dalam kondisi terkelupas bisa mengakibatkan short arus pendek.",Workshop Bigshop BUMA,Bays Rapair/Maintenance,"Workshop Bigshop BUMA, Bays Rapair/Maintenance","[DESKRIPSI]: Tbc Kable power dalam kondisi terkelupas bisa mengakibatkan short arus pendek. [LOKASI]: Workshop Bigshop BUMA, Bays Rapair/Maintenance"
8236193,Non TBC,Kain majun terhambur dan tidak dibuang kering sampah,Coal Crushing Plant (CPP),Pos Mooring GMO,"Coal Crushing Plant (CPP), Pos Mooring GMO","[DESKRIPSI]: Kain majun terhambur dan tidak dibuang kering sampah [LOKASI]: Coal Crushing Plant (CPP), Pos Mooring GMO"
8235250,5. Deviasi Loading/Dumping,dumping limiter belum diupdate,Project Diversion Selatan PAMA,Front Dumping Disposal PAMA,"Project Diversion Selatan PAMA, Front Dumping Disposal PAMA","[DESKRIPSI]: dumping limiter belum diupdate [LOKASI]: Project Diversion Selatan PAMA, Front Dumping Disposal PAMA"
8235409,4. Posisi Pekerja pada Area Tidak aman/Tidak Sesuai Prosedur,Penerangan area front loading EX 1185 tidak standar,Pit West,Front Loading,"Pit West, Front Loading","[DESKRIPSI]: Penerangan area front loading EX 1185 tidak standar [LOKASI]: Pit West, Front Loading"
8239005,5. Deviasi Loading/Dumping,Bendera Limiter belum di Update,Project Diversion Selatan PAMA,Front Dumping Disposal PAMA,"Project Diversion Selatan PAMA, Front Dumping Disposal PAMA","[DESKRIPSI]: Bendera Limiter belum di Update [LOKASI]: Project Diversion Selatan PAMA, Front Dumping Disposal PAMA"
8236916,Non TBC,Apar DTH 048 tidak memiliki tagging,(B PMO) Beaching Point,Parkiran Beaching Point KDC,"(B PMO) Beaching Point, Parkiran Beaching Point KDC","[DESKRIPSI]: Apar DTH 048 tidak memiliki tagging [LOKASI]: (B PMO) Beaching Point, Parkiran Beaching Point KDC"
8236280,Non TBC,Unit Hd C7106 belum ada operatornya unit sudah ready,Workshop Bigshop BUMA,Bays Rapair/Maintenance,"Workshop Bigshop BUMA, Bays Rapair/Maintenance","[DESKRIPSI]: Unit Hd C7106 belum ada operatornya unit sudah ready [LOKASI]: Workshop Bigshop BUMA, Bays Rapair/Maintenance"
8236002,Non TBC,sarung tangan bekas tidak di buang pada tempatnya,Pit Stop KM 5 FAD,Warehouse,"Pit Stop KM 5 FAD, Warehouse","[DESKRIPSI]: sarung tangan bekas tidak di buang pada tempatnya [LOKASI]: Pit Stop KM 5 FAD, Warehouse"
8238119,Non TBC,Pengukur suhu dan kelembapan ruangan belum dilakukan inspeksi,(B PMO) Office,Office KDC,"(B PMO) Office, Office KDC","[DESKRIPSI]: Pengukur suhu dan kelembapan ruangan belum dilakukan inspeksi [LOKASI]: (B PMO) Office, Office KDC"
8236239,Non TBC,Semak rumput tebal potensi sarang ular,(B8) Pit C2,Disposal,"(B8) Pit C2, Disposal","[DESKRIPSI]: Semak rumput tebal potensi sarang ular [LOKASI]: (B8) Pit C2, Disposal"
8239426,Non TBC,TH 002 KIP APAR bulan februari belum di Inspeksi,(B PMO) Workshop,Workshop Temporary KDC,"(B PMO) Workshop, Workshop Temporary KDC","[DESKRIPSI]: TH 002 KIP APAR bulan februari belum di Inspeksi [LOKASI]: (B PMO) Workshop, Workshop Temporary KDC"
8239256,Non TBC,Jalan pengeboran licin dan berlumpur akibat hujan berpotensi bahaya bagi yang melewati nya,EKSPLORASI GURIMBANG,AREA PENGEBORAN - RIG MB 73,"EKSPLORASI GURIMBANG, AREA PENGEBORAN - RIG MB 73","[DESKRIPSI]: Jalan pengeboran licin dan berlumpur akibat hujan berpotensi bahaya bagi yang melewati nya [LOKASI]: EKSPLORASI GURIMBANG, AREA PENGEBORAN - RIG MB 73"
8239433,Non TBC,KWT 009 KIP APAR bulan februari belum di Inspeksi,(B PMO) Workshop,Workshop Temporary KDC,"(B PMO) Workshop, Workshop Temporary KDC","[DESKRIPSI]: KWT 009 KIP APAR bulan februari belum di Inspeksi [LOKASI]: (B PMO) Workshop, Workshop Temporary KDC"
8238221,Non TBC,Akses jalan keluar disposal jalan syukur 1-15 belum dilengkapi dengan rambu stop,Road Management,Red Zone Jalan Syukur Segment 1-15,"Road Management, Red Zone Jalan Syukur Segment 1-15","[DESKRIPSI]: Akses jalan keluar disposal jalan syukur 1-15 belum dilengkapi dengan rambu stop [LOKASI]: Road Management, Red Zone Jalan Syukur Segment 1-15"
8239907,Non TBC,Terdapat tinggi bundwall disposal tidak standar,Disposal OPD East 1,Akses Front dumping Disposal PAMA,"Disposal OPD East 1, Akses Front dumping Disposal PAMA","[DESKRIPSI]: Terdapat tinggi bundwall disposal tidak standar [LOKASI]: Disposal OPD East 1, Akses Front dumping Disposal PAMA"
8238392,Non TBC,Bahaya ditempat kerja bekas potongan keramik berserakan di lantai berpotensi kaki pekerja tertusuk,Mess Pama,Mess Junior Staff,"Mess Pama, Mess Junior Staff","[DESKRIPSI]: Bahaya ditempat kerja bekas potongan keramik berserakan di lantai berpotensi kaki pekerja tertusuk [LOKASI]: Mess Pama, Mess Junior Staff"
7247415,Non TBC,tumpahan oli di slewing crane licin,,,,[DESKRIPSI]: tumpahan oli di slewing crane licin
8239298,Non TBC,Area manuver mpu pada lokasi peledakan licin dan berlumpur,Pit PQRT,[Area Kritis] Drill & Blast,"Pit PQRT, [Area Kritis] Drill & Blast","[DESKRIPSI]: Area manuver mpu pada lokasi peledakan licin dan berlumpur [LOKASI]: Pit PQRT, [Area Kritis] Drill & Blast"
8236081,Non TBC,TBC Pekerja tidak menggunakan sarung tangan,(B8) Civil Project,Extend Office Big Digger,"(B8) Civil Project, Extend Office Big Digger","[DESKRIPSI]: TBC Pekerja tidak menggunakan sarung tangan [LOKASI]: (B8) Civil Project, Extend Office Big Digger"
8241185,5. Deviasi Loading/Dumping,Bendera batas dumping belum di update,Project Diversion Selatan PAMA,Front Dumping Disposal PAMA,"Project Diversion Selatan PAMA, Front Dumping Disposal PAMA","[DESKRIPSI]: Bendera batas dumping belum di update [LOKASI]: Project Diversion Selatan PAMA, Front Dumping Disposal PAMA"
8239431,Non TBC,KIP APAR bulan februari belum di Inspeksi pada TH 02,(B PMO) Workshop,Workshop Temporary KDC,"(B PMO) Workshop, Workshop Temporary KDC","[DESKRIPSI]: KIP APAR bulan februari belum di Inspeksi pada TH 02 [LOKASI]: (B PMO) Workshop, Workshop Temporary KDC"
8238311,5. Deviasi Loading/Dumping,terdapat bendera batas dumping/dumping limiter tidak update,Project Rehandling Soil OPP,Disposal,"Project Rehandling Soil OPP, Disposal","[DESKRIPSI]: terdapat bendera batas dumping/dumping limiter tidak update [LOKASI]: Project Rehandling Soil OPP, Disposal"
8239106,Non TBC,Foot step unit tidak ada berpotensi menyebabkan orang terpeleset saat naik turun unit,Main Workshop Pama,Bays 1 (Wheel),"Main Workshop Pama, Bays 1 (Wheel)","[DESKRIPSI]: Foot step unit tidak ada berpotensi menyebabkan orang terpeleset saat naik turun unit [LOKASI]: Main Workshop Pama, Bays 1 (Wheel)"
8237935,Non TBC,Kondisi tangga pompa rusak tidak pada posisinya,Aktivitas Area High Risk,IKDW Stage 4 KDC,"Aktivitas Area High Risk, IKDW Stage 4 KDC","[DESKRIPSI]: Kondisi tangga pompa rusak tidak pada posisinya [LOKASI]: Aktivitas Area High Risk, IKDW Stage 4 KDC"
8239882,5. Deviasi Loading/Dumping,Bendera batas dumping limiter belum diupdate,Disposal OPD East 1,Akses Front dumping Disposal PAMA,"Disposal OPD East 1, Akses Front dumping Disposal PAMA","[DESKRIPSI]: Bendera batas dumping limiter belum diupdate [LOKASI]: Disposal OPD East 1, Akses Front dumping Disposal PAMA"
8239436,Non TBC,KIP APAR bulan februari belum di Inspeksi pada KWT 009,(B PMO) Workshop,Workshop Temporary KDC,"(B PMO) Workshop, Workshop Temporary KDC","[DESKRIPSI]: KIP APAR bulan februari belum di Inspeksi pada KWT 009 [LOKASI]: (B PMO) Workshop, Workshop Temporary KDC"
8238590,Non TBC,Kassa turbo kotor,Towing Tug,TB PERKASA 2,"Towing Tug, TB PERKASA 2","[DESKRIPSI]: Kassa turbo kotor [LOKASI]: Towing Tug, TB PERKASA 2"
7028498,Non TBC,#tbc# cable radio Lv GGP 003 tidak tertata rapi.,,,,[DESKRIPSI]: #tbc# cable radio Lv GGP 003 tidak tertata rapi.
8238224,6. Tidak terdapat pengawas/pengawas tidak memadai,Apar Pm 108 belum di inspeksi periode feb 2026,Unit Transportasi Massal,Unit Transportasi Darat,"Unit Transportasi Massal, Unit Transportasi Darat","[DESKRIPSI]: Apar Pm 108 belum di inspeksi periode feb 2026 [LOKASI]: Unit Transportasi Massal, Unit Transportasi Darat"
8237997,Non TBC,terdapat sepatu peserta pelatihan tidak di tempatkan pada tempat yang telah di sediakan,(B PMO) Office,Office KDC,"(B PMO) Office, Office KDC","[DESKRIPSI]: terdapat sepatu peserta pelatihan tidak di tempatkan pada tempat yang telah di sediakan [LOKASI]: (B PMO) Office, Office KDC"
8235315,Non TBC,Terdapat kantong air di arah front Exc 3954 potensi matrial jenuh/lembek,(B PMO) Pit Q1,Loading Soil Outpit Disposal OPD Q KDC,"(B PMO) Pit Q1, Loading Soil Outpit Disposal OPD Q KDC","[DESKRIPSI]: Terdapat kantong air di arah front Exc 3954 potensi matrial jenuh/lembek [LOKASI]: (B PMO) Pit Q1, Loading Soil Outpit Disposal OPD Q KDC"
8240765,Non TBC,Batas Dumping Untuk Front Dumping Pagi Belum Update,Project Diversion Selatan BAR,Dumping Embankment,"Project Diversion Selatan BAR, Dumping Embankment","[DESKRIPSI]: Batas Dumping Untuk Front Dumping Pagi Belum Update [LOKASI]: Project Diversion Selatan BAR, Dumping Embankment"
8236556,Non TBC,Apar DTH 040 belum dilakukan inspeksi bulanan,(B PMO) Beaching Point,Parkiran Beaching Point KDC,"(B PMO) Beaching Point, Parkiran Beaching Point KDC","[DESKRIPSI]: Apar DTH 040 belum dilakukan inspeksi bulanan [LOKASI]: (B PMO) Beaching Point, Parkiran Beaching Point KDC"
7316840,14. Technology,Operator FDT 774 tidak sesuai dengan penamaan di operator DMS (belum di update),,,,[DESKRIPSI]: Operator FDT 774 tidak sesuai dengan penamaan di operator DMS (belum di update)
8235414,4. Posisi Pekerja pada Area Tidak aman/Tidak Sesuai Prosedur,Penerangan area front loading EX 1181 tidak standar,Pit East 2,Front loading OB,"Pit East 2, Front loading OB","[DESKRIPSI]: Penerangan area front loading EX 1181 tidak standar [LOKASI]: Pit East 2, Front loading OB"
8237395,Non TBC,palu karet belum ada tagging tanda inspeksi bulan februari,Aktivitas Area High Risk,Project Extend Main Workshop Multi Ardecon,"Aktivitas Area High Risk, Project Extend Main Workshop Multi Ardecon","[DESKRIPSI]: palu karet belum ada tagging tanda inspeksi bulan februari [LOKASI]: Aktivitas Area High Risk, Project Extend Main Workshop Multi Ardecon"
8239234,Non TBC,Kamera MH02 DT4764 terlalu gelap,(B8) Infrastucture Tambang,Office DMS/ MH02,"(B8) Infrastucture Tambang, Office DMS/ MH02","[DESKRIPSI]: Kamera MH02 DT4764 terlalu gelap [LOKASI]: (B8) Infrastucture Tambang, Office DMS/ MH02"
8237815,Non TBC,rumah jangkar belum dibersihkan,Barge,BG PSPM 13,"Barge, BG PSPM 13","[DESKRIPSI]: rumah jangkar belum dibersihkan [LOKASI]: Barge, BG PSPM 13"
8239911,5. Deviasi Loading/Dumping,Terdapat Bendera batas dumping limiter belum diupdate,Disposal OPD East 1,Akses Front dumping Disposal PAMA,"Disposal OPD East 1, Akses Front dumping Disposal PAMA","[DESKRIPSI]: Terdapat Bendera batas dumping limiter belum diupdate [LOKASI]: Disposal OPD East 1, Akses Front dumping Disposal PAMA"
8240977,Non TBC,Apar area office warehouse belum dilakukan inspeksi secara rutin,Warehouse,Warehouse PT. MTN 056 SMO,Warehouse PT. MTN 056 SMO,[DESKRIPSI]: Apar area office warehouse belum dilakukan inspeksi secara rutin [LOKASI]: Warehouse PT. MTN 056 SMO
8236955,14. Technology,notifikasi DMS Transport belum dilakukan intervensi,Pit SE2,Look Out/ View Point,"Pit SE2, Look Out/ View Point","[DESKRIPSI]: notifikasi DMS Transport belum dilakukan intervensi [LOKASI]: Pit SE2, Look Out/ View Point"
8235295,4. Posisi Pekerja pada Area Tidak aman/Tidak Sesuai Prosedur,Penerangan area front loading EX 213 tidak standar,Pit East 2,Loading Point Coal,"Pit East 2, Loading Point Coal","[DESKRIPSI]: Penerangan area front loading EX 213 tidak standar [LOKASI]: Pit East 2, Loading Point Coal"
8238893,Non TBC,"Chek list apar belum teri isi di bulan februari WLL -01
",(B PMO) Workshop,Workshop Temporary KDC,"(B PMO) Workshop, Workshop Temporary KDC","[DESKRIPSI]: Chek list apar belum teri isi di bulan februari WLL -01 [LOKASI]: (B PMO) Workshop, Workshop Temporary KDC"
8237381,Non TBC,TBC. common tools palu tangan sudah patah tidak bisa digunakan,Aktivitas Area High Risk,Project Extend Main Workshop Multi Ardecon,"Aktivitas Area High Risk, Project Extend Main Workshop Multi Ardecon","[DESKRIPSI]: TBC. common tools palu tangan sudah patah tidak bisa digunakan [LOKASI]: Aktivitas Area High Risk, Project Extend Main Workshop Multi Ardecon"
8240280,4. Posisi Pekerja pada Area Tidak aman/Tidak Sesuai Prosedur,Pencahayaan front coal eaat 1 tidak standar,Pit East 1,Loading Point Coal,"Pit East 1, Loading Point Coal","[DESKRIPSI]: Pencahayaan front coal eaat 1 tidak standar [LOKASI]: Pit East 1, Loading Point Coal"
8240075,Non TBC,EYE WASH BELUM DI LAKUKAN PEMERIKSAAN BERKALA DAN BELUM TERSEDIA KIP,(B PMO) Workshop,Workshop Temporary MTN,"(B PMO) Workshop, Workshop Temporary MTN","[DESKRIPSI]: EYE WASH BELUM DI LAKUKAN PEMERIKSAAN BERKALA DAN BELUM TERSEDIA KIP [LOKASI]: (B PMO) Workshop, Workshop Temporary MTN"
8236063,Non TBC,Kacamata buram tidak layak pakai,Office Plant Pama,Infrastruktur Office Plant PAMA,Infrastruktur Office Plant PAMA,[DESKRIPSI]: Kacamata buram tidak layak pakai [LOKASI]: Infrastruktur Office Plant PAMA
8237536,Non TBC,Full body harnes tidak pada tempatnya,Unit Transportasi Massal,Unit Transportasi Darat,"Unit Transportasi Massal, Unit Transportasi Darat","[DESKRIPSI]: Full body harnes tidak pada tempatnya [LOKASI]: Unit Transportasi Massal, Unit Transportasi Darat"
8239742,Non TBC,Tampungan berisi berada di tempat terbuka agar segera dipindah ke tempat tertutup,Workshop,Workshop MTN 056,Workshop MTN 056,[DESKRIPSI]: Tampungan berisi berada di tempat terbuka agar segera dipindah ke tempat tertutup [LOKASI]: Workshop MTN 056
8235358,4. Posisi Pekerja pada Area Tidak aman/Tidak Sesuai Prosedur,Fron ex 107 penerangan tidak standar,Pit West,Front Loading,"Pit West, Front Loading","[DESKRIPSI]: Fron ex 107 penerangan tidak standar [LOKASI]: Pit West, Front Loading"
8236358,Non TBC,waktunya ganti filter racor ME,Towing Tug,TB KSA 29,"Towing Tug, TB KSA 29","[DESKRIPSI]: waktunya ganti filter racor ME [LOKASI]: Towing Tug, TB KSA 29"
8239238,Non TBC,Pelebaran Jalan In Front CD,(B8) Road Management,Jln. Labuan Cermin,"(B8) Road Management, Jln. Labuan Cermin","[DESKRIPSI]: Pelebaran Jalan In Front CD [LOKASI]: (B8) Road Management, Jln. Labuan Cermin"
8239149,Non TBC,Barikade safetyline pintu masuk lokasi peledakan blm terpasang,Pit PQRT,[Area Kritis] Drill & Blast,"Pit PQRT, [Area Kritis] Drill & Blast","[DESKRIPSI]: Barikade safetyline pintu masuk lokasi peledakan blm terpasang [LOKASI]: Pit PQRT, [Area Kritis] Drill & Blast"
8237511,Non TBC,Tumpahan Batu bara belum dibersihkan,Barge,BG RMN 2721,"Barge, BG RMN 2721","[DESKRIPSI]: Tumpahan Batu bara belum dibersihkan [LOKASI]: Barge, BG RMN 2721"
8234970,Non TBC,"#TBC, Mata cutting whell sudah limite, mohon dilakukan penggantian",Workshop MTL KM 1,Base Service & Ruang Alat Support MTL,"Workshop MTL KM 1, Base Service & Ruang Alat Support MTL","[DESKRIPSI]: #TBC, Mata cutting whell sudah limite, mohon dilakukan penggantian [LOKASI]: Workshop MTL KM 1, Base Service & Ruang Alat Support MTL"
8241293,Non TBC,"Ditemukan rambu STOP rebah di akses keluar office, yg berpotensi unit melanggar rambu tsb, dikarenakan rambu rebah dan tidak terlihat",(B PMO) Office,Office KDC,"(B PMO) Office, Office KDC","[DESKRIPSI]: Ditemukan rambu STOP rebah di akses keluar office, yg berpotensi unit melanggar rambu tsb, dikarenakan rambu rebah dan tidak terlihat [LOKASI]: (B PMO) Office, Office KDC"
8235006,4. Posisi Pekerja pada Area Tidak aman/Tidak Sesuai Prosedur,Front ex 1181 kurang penerangan,Pit East 2,Front loading OB,"Pit East 2, Front loading OB","[DESKRIPSI]: Front ex 1181 kurang penerangan [LOKASI]: Pit East 2, Front loading OB"
8238002,Non TBC,Debu di jalan Anyer sudah tinggi berbahaya berpotensi pandangan operator terbatas,(B8) Road Management,Jln. Anyer,"(B8) Road Management, Jln. Anyer","[DESKRIPSI]: Debu di jalan Anyer sudah tinggi berbahaya berpotensi pandangan operator terbatas [LOKASI]: (B8) Road Management, Jln. Anyer"
8237163,Non TBC,Lampuh belakang loader mati,Floating Crane,Heavy Equipment,"Floating Crane, Heavy Equipment","[DESKRIPSI]: Lampuh belakang loader mati [LOKASI]: Floating Crane, Heavy Equipment"
8236076,Non TBC,Lifebouy tidak disimpan pada tempatnya,Towing Tug,TB KSA 36,"Towing Tug, TB KSA 36","[DESKRIPSI]: Lifebouy tidak disimpan pada tempatnya [LOKASI]: Towing Tug, TB KSA 36"
8236967,Non TBC,"Kondisi jalan licin pasca hujan , sudah digunakan sebelum sliperry selesai",Handling Soil East KDC,Front Handling Soil East KDC,Front Handling Soil East KDC,"[DESKRIPSI]: Kondisi jalan licin pasca hujan , sudah digunakan sebelum sliperry selesai [LOKASI]: Front Handling Soil East KDC"
8234700,Non TBC,Masih terdapat spoil tebal di area pengeboran,(B8) Pit Z,(Area Kritis) Drill & Blast,"(B8) Pit Z, (Area Kritis) Drill & Blast","[DESKRIPSI]: Masih terdapat spoil tebal di area pengeboran [LOKASI]: (B8) Pit Z, (Area Kritis) Drill & Blast"
7006812,6. Tidak terdapat pengawas/pengawas tidak memadai,"PAMA GMO, Dari hasil PE DMS 13/9/25 shift 2 17.53 wita
Driver bus PM 721 mengoperasikan unit tanpa observer",,,,"[DESKRIPSI]: PAMA GMO, Dari hasil PE DMS 13/9/25 shift 2 17.53 wita Driver bus PM 721 mengoperasikan unit tanpa observer"
8236873,Non TBC,Terdapat segmen jalan yang perlu perbaikan di kintamani,(B8) Pit J,Disposal,"(B8) Pit J, Disposal","[DESKRIPSI]: Terdapat segmen jalan yang perlu perbaikan di kintamani [LOKASI]: (B8) Pit J, Disposal"
8237726,Non TBC,Hose hidrolik arm ABL 203 bocor,Floating Crane,Heavy Equipment,"Floating Crane, Heavy Equipment","[DESKRIPSI]: Hose hidrolik arm ABL 203 bocor [LOKASI]: Floating Crane, Heavy Equipment"
8234999,Non TBC,Sarung tangan sudah robek dan tidak layak lagi untuk digunakan,Pit PQRT,[Area Kritis] Drill & Blast,"Pit PQRT, [Area Kritis] Drill & Blast","[DESKRIPSI]: Sarung tangan sudah robek dan tidak layak lagi untuk digunakan [LOKASI]: Pit PQRT, [Area Kritis] Drill & Blast"
7316406,Non TBC,"#TBC ditemukan pompa grease belum dilakukan inspeksi kelayakan alatnya, potensi kegagalan pompa dan grease menyembur ke mekanik ketika digunakan",,,,"[DESKRIPSI]: #TBC ditemukan pompa grease belum dilakukan inspeksi kelayakan alatnya, potensi kegagalan pompa dan grease menyembur ke mekanik ketika digunakan"
8239113,Non TBC,"Karyawan melakukan pembuangan kantong sampang namun tidak mencuci tangan dengan benar sebelum melakukan pengolahan bahan makanan,",Dapur,Dapur PT. MTN C2HU SMO,Dapur PT. MTN C2HU SMO,"[DESKRIPSI]: Karyawan melakukan pembuangan kantong sampang namun tidak mencuci tangan dengan benar sebelum melakukan pengolahan bahan makanan, [LOKASI]: Dapur PT. MTN C2HU SMO"
8235313,Non TBC,Operator DT5915 atas nama Indra Ari Kurniawan terpantau yawning yang berpotensi mengakibatkan terjadinya insiden fatigue,(B8) Infrastucture Tambang,Office DMS/ MH02,"(B8) Infrastucture Tambang, Office DMS/ MH02","[DESKRIPSI]: Operator DT5915 atas nama Indra Ari Kurniawan terpantau yawning yang berpotensi mengakibatkan terjadinya insiden fatigue [LOKASI]: (B8) Infrastucture Tambang, Office DMS/ MH02"
6589159,4. Posisi Pekerja pada Area Tidak aman/Tidak Sesuai Prosedur,Potensi terjatuh,,,,[DESKRIPSI]: Potensi terjatuh
8237939,Non TBC,Ragum belum dirapatkan kembali setelah digunakan dapat berpotensi tertabrak oleh pekerja saat melintasi area tersebut,(B8) Workshop Hauler,Bays Hauler,"(B8) Workshop Hauler, Bays Hauler","[DESKRIPSI]: Ragum belum dirapatkan kembali setelah digunakan dapat berpotensi tertabrak oleh pekerja saat melintasi area tersebut [LOKASI]: (B8) Workshop Hauler, Bays Hauler"
8235801,Non TBC,"Filter bekas aktivitas service tidak ditempatkan pada tempatnya, menumpuk di tampungan oil.",Main Workshop Pama,Bays 1 (Wheel),"Main Workshop Pama, Bays 1 (Wheel)","[DESKRIPSI]: Filter bekas aktivitas service tidak ditempatkan pada tempatnya, menumpuk di tampungan oil. [LOKASI]: Main Workshop Pama, Bays 1 (Wheel)"
8237730,Non TBC,Terdapat nya tangga emergency pada kamar mesin terhalang oleh beberapa barang dan dalam kondisi yang tidak aman,Towing Tug,TB KSA 96,"Towing Tug, TB KSA 96","[DESKRIPSI]: Terdapat nya tangga emergency pada kamar mesin terhalang oleh beberapa barang dan dalam kondisi yang tidak aman [LOKASI]: Towing Tug, TB KSA 96"
8240134,Non TBC,APAR DI AREA WAREHOUSE BELUM DI LAKUKAN PEMERIKSAAN BERKALA UNTUK MEMASTIKAN PERALATAN MASIH LAYAK,(B PMO) Workshop,Workshop Temporary MTN,"(B PMO) Workshop, Workshop Temporary MTN","[DESKRIPSI]: APAR DI AREA WAREHOUSE BELUM DI LAKUKAN PEMERIKSAAN BERKALA UNTUK MEMASTIKAN PERALATAN MASIH LAYAK [LOKASI]: (B PMO) Workshop, Workshop Temporary MTN"
8240156,Non TBC,Terdapat hose angin melintang di bay workshop tidak di rapikan berpotensi terinjak unit dan mengenai pekerja,Workshop,Workshop Meteorit C2HU,Workshop Meteorit C2HU,[DESKRIPSI]: Terdapat hose angin melintang di bay workshop tidak di rapikan berpotensi terinjak unit dan mengenai pekerja [LOKASI]: Workshop Meteorit C2HU
8239064,5. Deviasi Loading/Dumping,tanggul disposal area high risk kurang standar,Handling Soil East KDC,Dumping Stocksoil East KDC,"Handling Soil East KDC, Dumping Stocksoil East KDC","[DESKRIPSI]: tanggul disposal area high risk kurang standar [LOKASI]: Handling Soil East KDC, Dumping Stocksoil East KDC"
8235222,Non TBC,Kabel mesin las kondisi terkelupas bahaya tersengat saat proses pengelasan - TBC,Pit Stop Hauler T6,Area Perbaikan Unit,"Pit Stop Hauler T6, Area Perbaikan Unit","[DESKRIPSI]: Kabel mesin las kondisi terkelupas bahaya tersengat saat proses pengelasan - TBC [LOKASI]: Pit Stop Hauler T6, Area Perbaikan Unit"
8236564,Non TBC,Rumput lebat di tanaman buah-buahan berpotensi terdapat sarang ular dan penyengat,Office CPP PT BC,Infrastruktur Office BC,"Office CPP PT BC, Infrastruktur Office BC","[DESKRIPSI]: Rumput lebat di tanaman buah-buahan berpotensi terdapat sarang ular dan penyengat [LOKASI]: Office CPP PT BC, Infrastruktur Office BC"
8237359,Non TBC,TBC TTA Awarnes pengawas saat aktivitas pengelasan berlangsung hose melintang tidak dipasang rambu,Workshop Bigshop BUMA,Bays Rapair/Maintenance,"Workshop Bigshop BUMA, Bays Rapair/Maintenance","[DESKRIPSI]: TBC TTA Awarnes pengawas saat aktivitas pengelasan berlangsung hose melintang tidak dipasang rambu [LOKASI]: Workshop Bigshop BUMA, Bays Rapair/Maintenance"
8236005,14. Technology,violation: Tabrakan Kendaraan di Depan - event time: 2026-02-14 01:20:40 - driver: 466HT - unit: GDT-132 (Auto input from dms consolidation),Lokasi by DMS,Detail Lokasi by DMS,Detail Lokasi by DMS,[DESKRIPSI]: violation: Tabrakan Kendaraan di Depan - event time: 2026-02-14 01:20:40 - driver: 466HT - unit: GDT-132 (Auto input from dms consolidation) [LOKASI]: Detail Lokasi by DMS
8240080,Non TBC,Ditemukan bahaya kondisi jalan licin (banyak spoil/lumpur) yang berpotensi unit DT amblas dan tergelincir saat melintas,Handling Soil East KDC,Akses Front East Menuju Stocksoil,"Handling Soil East KDC, Akses Front East Menuju Stocksoil","[DESKRIPSI]: Ditemukan bahaya kondisi jalan licin (banyak spoil/lumpur) yang berpotensi unit DT amblas dan tergelincir saat melintas [LOKASI]: Handling Soil East KDC, Akses Front East Menuju Stocksoil"
7135959,5. Deviasi Loading/Dumping,"dumping sekat sampai ujung, tidak sesuai rekomendasi kejadian amblas terakhi. seharusnya dumping dari simpang, atau dimensi tanggul dibuat standar disposal",,,,"[DESKRIPSI]: dumping sekat sampai ujung, tidak sesuai rekomendasi kejadian amblas terakhi. seharusnya dumping dari simpang, atau dimensi tanggul dibuat standar disposal"
8235218,4. Posisi Pekerja pada Area Tidak aman/Tidak Sesuai Prosedur,Penerangan kurang,Pit East 2,Loading Point Coal,"Pit East 2, Loading Point Coal","[DESKRIPSI]: Penerangan kurang [LOKASI]: Pit East 2, Loading Point Coal"
8238056,Non TBC,"#TBC pengawas ti d ak memasang rambu peringatan pada safety line saat pekerjaan. Perawatan Unit dilakukan 

Segera memasang rambu peringatan",(B8) Workshop Temporary MIJ,Open Yard MIJ,"(B8) Workshop Temporary MIJ, Open Yard MIJ","[DESKRIPSI]: #TBC pengawas ti d ak memasang rambu peringatan pada safety line saat pekerjaan. Perawatan Unit dilakukan Segera memasang rambu peringatan [LOKASI]: (B8) Workshop Temporary MIJ, Open Yard MIJ"
7002287,Non TBC,"Pelaksanan Inspeksi & Observasi Area PJA PT Madhani Site SMO, Minggu 14 September 2025

Pengawas Lapangan: 
1. Gianto
2. Ibrahim Achmad 

Inspektor :
1. Agung Nugroho (Safety BC)
2. Ibrahim Achmad (GS Madhani SMO)
3. Gianto (GS Madhani SMO)
4. Mohammad Rusda Habib (Safety Madhani SMO)

PJA PT Madhani SMO: Agus Flori

Kronologi: Saat observasi dan Inspeksi ditemukan terdapat kursi penumpang yang belum di berikan penomoran kursi di unit MH-010
Potensi: Kesulitasn saat pengecekan kelayakan seatbelt maupun kursi penumpamng
Root Cause: Pengawasan yang kurang dari Safety Madhani dan pengawas GS
Tindakan Langsung: Infokan ke PJA PT Madhani SMO dan WAG Madhani 60
Tindakan Perbaikan: Agar segera di berikan penomoran kursi di unit MH-010",,,,"[DESKRIPSI]: Pelaksanan Inspeksi & Observasi Area PJA PT Madhani Site SMO, Minggu 14 September 2025 Pengawas Lapangan: 1. Gianto 2. Ibrahim Achmad Inspektor : 1. Agung Nugroho (Safety BC) 2. Ibrahim Achmad (GS Madhani SMO) 3. Gianto (GS Madhani SMO) 4. Mohammad Rusda Habib (Safety Madhani SMO) PJA PT Madhani SMO: Agus Flori Kronologi: Saat observasi dan Inspeksi ditemukan terdapat kursi penumpang yang belum di berikan penomoran kursi di unit MH-010 Potensi: Kesulitasn saat pengecekan kelayakan seatbelt maupun kursi penumpamng Root Cause: Pengawasan yang kurang dari Safety Madhani dan pengawas GS Tindakan Langsung: Infokan ke PJA PT Madhani SMO dan WAG Madhani 60 Tindakan Perbaikan: Agar segera di berikan penomoran kursi di unit MH-010"
8144924,1. Deviasi pengoperasian kendaraan/unit,"Operator TR-3276 an Muhamad Fahrur Rozi Mengalami fatigue close eye 0KM, tolong di lakukan sobriety test untuk memastikan kesiapan kerja ybs",Pit C2H,[C2H] Front Loading OB,"Pit C2H, [C2H] Front Loading OB","[DESKRIPSI]: Operator TR-3276 an Muhamad Fahrur Rozi Mengalami fatigue close eye 0KM, tolong di lakukan sobriety test untuk memastikan kesiapan kerja ybs [LOKASI]: Pit C2H, [C2H] Front Loading OB"
8150527,1. Deviasi pengoperasian kendaraan/unit,"ditemukan driver LV BC-846 atas nama Didi Norhadi PT SSML dept LMD tidak menggunakan seat belt pada saat pengoperasian kendaraan, standby kan dan tindak lanjut sesuai dengan aturan yang berlaku.",Lokasi by DMS,Detail Lokasi by DMS,Detail Lokasi by DMS,"[DESKRIPSI]: ditemukan driver LV BC-846 atas nama Didi Norhadi PT SSML dept LMD tidak menggunakan seat belt pada saat pengoperasian kendaraan, standby kan dan tindak lanjut sesuai dengan aturan yang berlaku. [LOKASI]: Detail Lokasi by DMS"
8241362,11. Bahaya Elektrikal,"TBC TTA Awarnes Pengawas terhadap kondisi box Lotto yg rusak, berpotensi kegagalan isolasi energi listrik saat  melakukan pekerjaan, hal ini perlu di tindak lanjuti sebelum melanjutkan aktifitas pekerjaan",Workshop Bigshop BUMA,Bays Rapair/Maintenance,"Workshop Bigshop BUMA, Bays Rapair/Maintenance","[DESKRIPSI]: TBC TTA Awarnes Pengawas terhadap kondisi box Lotto yg rusak, berpotensi kegagalan isolasi energi listrik saat melakukan pekerjaan, hal ini perlu di tindak lanjuti sebelum melanjutkan aktifitas pekerjaan [LOKASI]: Workshop Bigshop BUMA, Bays Rapair/Maintenance"
8241038,11. Bahaya Elektrikal,#TBC# instalasi kabel tidak layak di kawatirkan bisa konslet dan perlu penggantian kabel yg masih layak,(B8) Infrastucture Tambang,Gudang GS,"(B8) Infrastucture Tambang, Gudang GS","[DESKRIPSI]: #TBC# instalasi kabel tidak layak di kawatirkan bisa konslet dan perlu penggantian kabel yg masih layak [LOKASI]: (B8) Infrastucture Tambang, Gudang GS"
8239199,11. Bahaya Elektrikal,Instalasi AC ( TBC) elektrik,(B8) Workshop Champoin,Bays Champions,"(B8) Workshop Champoin, Bays Champions","[DESKRIPSI]: Instalasi AC ( TBC) elektrik [LOKASI]: (B8) Workshop Champoin, Bays Champions"
8238566,11. Bahaya Elektrikal,"TBC : Potensi Arus Pendek, Instalasi Tidak Layak",(B8) Workshop SSE,Yard SSE,"(B8) Workshop SSE, Yard SSE","[DESKRIPSI]: TBC : Potensi Arus Pendek, Instalasi Tidak Layak [LOKASI]: (B8) Workshop SSE, Yard SSE"
8236186,11. Bahaya Elektrikal,Kabel listrik belum terpasang tiang penyangga melintang di area pejalan kaki berpotensi orang tersandung kabel dan tersengat listrik,(B8) Workshop Champoin,Bays Champions,"(B8) Workshop Champoin, Bays Champions","[DESKRIPSI]: Kabel listrik belum terpasang tiang penyangga melintang di area pejalan kaki berpotensi orang tersandung kabel dan tersengat listrik [LOKASI]: (B8) Workshop Champoin, Bays Champions"
8233679,12. Bahaya Biologis,Terdapat sarang tawon diatas work lamp pompa MP-18,Aktivitas Area High Risk,IKDW STAGE 3 KDC,"Aktivitas Area High Risk, IKDW STAGE 3 KDC","[DESKRIPSI]: Terdapat sarang tawon diatas work lamp pompa MP-18 [LOKASI]: Aktivitas Area High Risk, IKDW STAGE 3 KDC"
8239735,12. Bahaya Biologis,Tanaman liar tumbuh pada sela sela bangunan gudang AN berpotensi merusak,Gudang Handak,Gudang AN,"Gudang Handak, Gudang AN","[DESKRIPSI]: Tanaman liar tumbuh pada sela sela bangunan gudang AN berpotensi merusak [LOKASI]: Gudang Handak, Gudang AN"
8239361,12. Bahaya Biologis,Sampah dimasukkan tempat sampah tidak sesuai dengan jenisnya,Mess Pama,Project Mess PAMA,Project Mess PAMA,[DESKRIPSI]: Sampah dimasukkan tempat sampah tidak sesuai dengan jenisnya [LOKASI]: Project Mess PAMA
8238915,12. Bahaya Biologis,Terdapat area berumput lebat dan rimbun berdampingan dengan area kerja dan berpotensi  bahaya,Area Revegetasi,Project Akatara,"Area Revegetasi, Project Akatara","[DESKRIPSI]: Terdapat area berumput lebat dan rimbun berdampingan dengan area kerja dan berpotensi bahaya [LOKASI]: Area Revegetasi, Project Akatara"
8238874,12. Bahaya Biologis,Terdapat tanaman merambat dan rumput liar lebat yanh yang berpotensi menjadi sarang ular,Office PT KDC,Akses dan Infrastruktur Office KDC,"Office PT KDC, Akses dan Infrastruktur Office KDC","[DESKRIPSI]: Terdapat tanaman merambat dan rumput liar lebat yanh yang berpotensi menjadi sarang ular [LOKASI]: Office PT KDC, Akses dan Infrastruktur Office KDC"
8235812,13. Aktivitas Drill and Blast,Safety line pidak nyambung pada lokasi pengeboran,Area Kritis,[C2HU] DRILL BLAST,"Area Kritis, [C2HU] DRILL BLAST","[DESKRIPSI]: Safety line pidak nyambung pada lokasi pengeboran [LOKASI]: Area Kritis, [C2HU] DRILL BLAST"
8235679,13. Aktivitas Drill and Blast,Area manuver unit mpu tidak memadai,(B8) Area Kritis Blok 8,(B8) Drill & Blast,"(B8) Area Kritis Blok 8, (B8) Drill & Blast","[DESKRIPSI]: Area manuver unit mpu tidak memadai [LOKASI]: (B8) Area Kritis Blok 8, (B8) Drill & Blast"
8235034,13. Aktivitas Drill and Blast,Belum merapikan DLA keterdapatan spoil masih ada pada area dekat tanggul dan pintu masuk,(B8) Gudang Handak,Gudang Handak B8,"(B8) Gudang Handak, Gudang Handak B8","[DESKRIPSI]: Belum merapikan DLA keterdapatan spoil masih ada pada area dekat tanggul dan pintu masuk [LOKASI]: (B8) Gudang Handak, Gudang Handak B8"
